Name,Team,Season,WAR,merce,upgrade,income,next_crese_not,fa_season,retire,ERA,ERA-,FIP-,A_PPF,PPF,Season_Adjusted_ERA,WHIP,IP,G,GS,1ERA,1IP,1R,1ER,1TBF,1AB,H1,2B1,3B1,HR1,BB1,IB1,HP1,SO1,NP1,WHIP1,AVG1,OBP1,OPS1,2ERA,2IP,2R,2ER,2TBF,2AB,H2,2B2,3B2,HR2,BB2,IB2,HP2,SO2,NP2,WHIP2,AVG2,OBP2,OPS2,3ERA,3IP,3R,3ER,3TBF,3AB,H3,2B3,3B3,HR3,BB3,IB3,HP3,SO3,NP3,WHIP3,AVG3,OBP3,OPS3,4ERA,4IP,4R,4ER,4TBF,4AB,H4,2B4,3B4,HR4,BB4,IB4,HP4,SO4,NP4,WHIP4,AVG4,OBP4,OPS4,5ERA,5IP,5R,5ER,5TBF,5AB,H5,2B5,3B5,HR5,BB5,IB5,HP5,SO5,NP5,WHIP5,AVG5,OBP5,OPS5,6ERA,6IP,6R,6ER,6TBF,6AB,H6,2B6,3B6,HR6,BB6,IB6,HP6,SO6,NP6,WHIP6,AVG6,OBP6,OPS6,7ERA,7IP,7R,7ER,7TBF,7AB,H7,2B7,3B7,HR7,BB7,IB7,HP7,SO7,NP7,WHIP7,AVG7,OBP7,OPS7,8ERA,8IP,8R,8ER,8TBF,8AB,H8,2B8,3B8,HR8,BB8,IB8,HP8,SO8,NP8,WHIP8,AVG8,OBP8,OPS8,9ERA,9IP,9R,9ER,9TBF,9AB,H9,2B9,3B9,HR9,BB9,IB9,HP9,SO9,NP9,WHIP9,AVG9,OBP9,OPS9
놀린,KIA,22,4.61,1,0,35000,0,0,0,2.47,61.29,75.84,1.00503629,1.024,3.694222,1.12,124,21,21,3.86,21,9,9,90,84,23,6,0,0,3,0,1,23,349,1.24,0.274,0.307,0.652,1.71,21,4,4,82,77,20,2,0,2,4,0,1,18,322,1.14,0.26,0.305,0.669,1.33,20.33,4,3,82,76,16,2,1,1,4,0,1,14,321,0.98,0.211,0.256,0.559,2.7,20,6,6,83,76,20,4,0,1,2,0,3,21,342,1.1,0.263,0.301,0.656,2.37,19,8,5,78,71,13,4,0,1,6,0,0,16,312,1,0.183,0.244,0.526,3.68,14.67,8,6,65,58,16,1,1,2,5,1,1,10,241,1.43,0.276,0.344,0.775,0,6,0,0,23,22,5,0,0,0,0,0,1,5,77,0.83,0.227,0.261,0.488,4.5,2,2,1,9,7,2,0,0,0,0,0,0,1,23,1,0.286,0.286,0.572,0,0,0,0,0,0,0,0,0,0,0,0,0,0,0,0,0,0,0
양현종,KIA,22,3.46,0,1,100000,-50000,1,0,3.85,95.62,90.92,1.006260024,1.024,3.694222,1.25,175.33,30,30,5.1,30,20,17,128,117,31,2,0,6,9,0,0,25,554,1.33,0.265,0.315,0.751,1.8,30,9,6,123,114,24,3,0,1,7,0,0,19,450,1.03,0.211,0.254,0.517,5.16,29.67,17,17,134,114,33,7,1,3,15,0,1,22,513,1.62,0.289,0.368,0.815,3.72,29,12,12,122,113,31,9,1,1,6,0,1,27,452,1.28,0.274,0.314,0.712,3.54,28,15,11,121,106,28,5,0,1,7,0,1,24,449,1.25,0.264,0.308,0.648,3.8,21.33,11,9,85,82,17,7,1,2,3,1,0,18,303,0.94,0.207,0.235,0.625,4.05,6.67,3,3,28,25,6,0,0,0,2,0,0,7,124,1.2,0.24,0.296,0.536,0,0.67,0,0,3,2,0,0,0,0,1,0,0,0,15,1.5,0,0.333,0.333,0,0,0,0,0,0,0,0,0,0,0,0,0,0,0,0,0,0,0
파노니,KIA,22,2.75,1,0,30000,0,0,0,2.72,67.6,81.25,1.015265997,1.024,3.694222,1.23,82.67,14,14,1.29,14,2,2,55,50,11,1,0,1,4,0,1,11,231,1.07,0.22,0.291,0.591,0,14,0,0,54,51,9,2,0,0,3,0,0,15,220,0.86,0.176,0.222,0.438,4.5,14,11,7,71,58,19,0,1,1,9,0,0,10,304,2,0.328,0.412,0.826,1.29,14,4,2,54,51,10,0,0,1,2,0,0,11,193,0.86,0.196,0.226,0.481,5.68,12.67,8,8,53,46,13,1,0,1,3,0,1,14,217,1.26,0.283,0.34,0.71,1.86,9.67,2,2,39,38,9,1,0,1,1,0,0,8,161,1.03,0.237,0.256,0.598,8.31,4.33,4,4,21,19,6,0,0,0,2,0,0,4,76,1.85,0.316,0.381,0.697,0,0,0,0,0,0,0,0,0,0,0,0,0,0,0,0,0,0,0,0,0,0,0,0,0,0,0,0,0,0,0,0,0,0,0,0,0,0
양현종,KIA,23,4.15,0,0,50000,0,0,0,3.58,88.56,91.5,0.995943333,0.991,3.862461,1.34,171,29,29,3.1,29,11,10,120,113,32,3,0,1,6,0,0,26,462,1.31,0.283,0.319,0.655,4.34,29,14,14,124,117,31,7,0,4,5,0,1,26,451,1.24,0.265,0.298,0.725,3.54,28,17,11,120,106,29,7,1,0,9,0,0,19,488,1.36,0.274,0.328,0.686,5.14,28,16,16,127,117,36,7,0,4,9,0,0,22,492,1.61,0.308,0.357,0.827,1.65,27.33,6,5,107,99,19,6,0,1,4,0,0,23,384,0.84,0.192,0.221,0.504,3.06,17.67,8,6,77,64,16,0,0,2,11,1,0,11,268,1.53,0.25,0.36,0.704,5.4,10,6,6,46,41,14,3,0,1,4,0,0,8,186,1.8,0.341,0.4,0.888,0,2,0,0,10,10,4,0,0,0,0,0,0,0,30,2,0.4,0.4,0.8,0,0,0,0,0,0,0,0,0,0,0,0,0,0,0,0,0,0,0
이의리,KIA,23,3.29,0,1,15000,2000,0,0,3.96,98.1,89.75,0.996999696,0.991,3.862461,1.49,131.67,28,28,4.18,28,13,13,120,101,19,5,0,1,14,0,4,37,509,1.18,0.188,0.311,0.578,5.47,26.33,19,16,119,97,21,5,0,2,17,0,3,30,502,1.44,0.216,0.347,0.677,3.81,26,11,11,119,94,23,3,0,1,21,0,0,32,509,1.69,0.245,0.373,0.682,3.42,23.67,9,9,105,89,18,1,0,0,14,0,0,24,440,1.35,0.202,0.308,0.521,3.5,18,9,7,90,63,12,1,0,0,23,1,0,22,407,1.94,0.19,0.402,0.608,2.35,7.67,2,2,36,32,9,2,0,0,4,0,0,10,142,1.7,0.281,0.361,0.705,0,2,1,0,9,8,1,1,0,0,0,0,1,1,37,0.5,0.125,0.222,0.472,0,0,0,0,0,0,0,0,0,0,0,0,0,0,0,0,0,0,0,0,0,0,0,0,0,0,0,0,0,0,0,0,0,0,0,0,0,0
앤더슨,KIA,23,1.57,1,0,60000,0,0,0,3.76,93.03,94.69,0.993894177,0.991,3.862461,1.29,79,14,14,6.43,14,14,10,69,59,21,1,0,1,6,0,1,11,273,1.93,0.356,0.412,0.836,2.57,14,5,4,52,50,10,1,1,1,2,0,0,9,200,0.86,0.2,0.231,0.551,4.5,14,7,7,61,55,15,3,0,2,6,0,0,13,252,1.5,0.273,0.344,0.78,3.65,12.33,7,5,57,50,13,3,1,0,5,0,1,13,226,1.46,0.26,0.339,0.699,1.59,11.33,3,2,43,39,8,4,0,0,4,0,0,8,164,1.06,0.205,0.279,0.587,2,9,2,2,36,33,5,0,1,1,2,0,0,7,138,0.78,0.152,0.194,0.497,4.5,4,2,2,16,15,2,0,0,0,1,0,0,5,58,0.75,0.133,0.188,0.321,27,0.33,2,1,4,3,2,0,0,1,0,0,0,0,8,6,0.667,0.667,2.334,0,0,0,0,0,0,0,0,0,0,0,0,0,0,0,0,0,0,0
메디나,KIA,23,0.18,1,0,30000,0,0,0,6.05,149.75,137.58,0.992362586,0.991,3.862461,1.6,58,12,12,3.75,12,8,5,51,43,10,2,0,2,3,0,2,5,188,1.08,0.233,0.3,0.719,7.5,12,10,10,61,54,19,6,0,2,4,0,1,12,214,1.92,0.352,0.407,0.981,8.18,11,10,10,52,41,11,1,0,0,10,0,1,5,201,1.91,0.268,0.423,0.716,4.82,9.33,5,5,43,34,8,3,0,0,5,0,4,4,169,1.39,0.235,0.395,0.719,6.14,7.33,5,5,34,31,11,2,1,2,3,0,0,4,126,1.91,0.355,0.412,1.089,9,4,4,4,19,14,3,2,0,0,4,0,1,2,76,1.75,0.214,0.421,0.778,0,1.33,0,0,5,5,1,0,0,0,0,0,0,2,17,0.75,0.2,0.2,0.4,0,1,0,0,4,4,1,0,0,0,0,0,0,2,12,1,0.25,0.25,0.5,0,0,0,0,0,0,0,0,0,0,0,0,0,0,0,0,0,0,0
양현종,KIA,24,5.01,0,0,50000,0,0,0,4.1,83.1,95.35,1.009876379,1.036,4.581854,1.25,171.33,29,29,2.79,29,11,9,114,107,26,6,0,2,5,0,1,25,402,1.07,0.243,0.281,0.636,2.17,29,8,7,119,114,26,1,2,4,5,0,0,21,419,1.07,0.228,0.261,0.638,5.9,29,19,19,134,125,37,9,3,4,8,0,0,25,468,1.55,0.296,0.338,0.85,2.17,29,8,7,116,105,20,9,0,0,10,0,1,18,451,1.03,0.19,0.267,0.543,8.13,27.67,27,25,133,125,43,8,1,7,7,0,1,19,478,1.81,0.344,0.383,0.975,5.6,17.67,12,11,75,66,15,2,0,4,5,0,3,14,287,1.13,0.227,0.311,0.75,0,6,1,0,21,21,3,2,0,0,0,0,0,4,70,0.5,0.143,0.143,0.381,0,2,0,0,8,8,3,0,0,0,0,0,0,2,26,1.5,0.375,0.375,0.75,0,2,0,0,8,7,1,0,0,0,1,0,0,2,23,1,0.143,0.25,0.393
네일,KIA,24,4.9,1,1,35000,133000,0,0,2.53,51.34,75.83,1.003409161,1.036,4.581854,1.27,149.33,26,26,2.42,26,11,7,110,104,27,5,1,2,6,0,0,26,418,1.27,0.26,0.3,0.685,1.38,26,4,4,104,95,21,5,0,1,7,0,2,29,427,1.08,0.221,0.288,0.593,1.04,26,15,3,113,102,23,2,0,1,6,0,4,21,385,1.12,0.225,0.295,0.57,1.4,25.67,11,4,111,103,27,5,0,2,8,0,0,27,416,1.36,0.262,0.315,0.684,4.32,25,14,12,107,102,27,5,0,1,4,0,1,18,405,1.24,0.265,0.299,0.642,4.32,16.67,9,8,74,68,21,4,0,3,2,0,2,14,270,1.38,0.309,0.342,0.842,9,4,5,4,23,20,8,1,0,1,2,0,0,3,77,2.5,0.4,0.455,1.055,0,0,0,0,0,0,0,0,0,0,0,0,0,0,0,0,0,0,0,0,0,0,0,0,0,0,0,0,0,0,0,0,0,0,0,0,0,0
윤영철,KIA,24,2.18,0,1,9000,3000,0,0,4.19,84.94,108.41,1.003861271,1.036,4.581854,1.53,81.67,18,18,3.5,18,9,7,78,71,18,2,0,3,7,0,0,13,302,1.39,0.254,0.321,0.729,2.5,18,5,5,77,62,14,1,0,3,13,0,0,14,314,1.5,0.226,0.36,0.747,5.51,16.33,10,10,75,62,18,5,0,0,10,0,0,8,288,1.71,0.29,0.384,0.755,5.14,14,9,8,64,57,17,4,0,0,6,0,0,10,266,1.64,0.298,0.365,0.733,5.91,10.67,7,7,46,43,12,1,1,2,3,0,0,8,184,1.41,0.279,0.326,0.814,2.25,4,4,1,20,16,3,1,0,0,3,0,1,5,80,1.5,0.188,0.35,0.6,0,0.67,0,0,2,1,0,0,0,0,1,0,0,0,10,1.5,0,0.5,0.5,0,0,0,0,0,0,0,0,0,0,0,0,0,0,0,0,0,0,0,0,0,0,0,0,0,0,0,0,0,0,0,0,0,0,0,0,0,0
뷰캐넌,Samsung,22,5.47,1,1,110000,0,0,0,3.04,71.65,85.16,1.024731875,1.034,3.694222,1.34,160,26,26,3.12,26,12,9,115,105,31,5,1,1,4,0,3,12,408,1.35,0.295,0.333,0.723,5.19,26,16,15,120,108,39,6,0,4,8,0,0,22,442,1.81,0.361,0.402,0.93,4.85,26,16,14,121,107,32,7,0,1,11,0,1,24,478,1.65,0.299,0.367,0.76,1.8,25,5,5,99,92,20,3,1,1,5,0,1,16,391,1,0.217,0.265,0.569,2.45,22,6,6,98,88,25,2,0,0,5,0,3,16,355,1.36,0.284,0.344,0.651,1.29,21,4,3,85,82,19,5,0,2,3,0,0,18,335,1.05,0.232,0.259,0.625,1.86,9.67,2,2,37,34,7,1,0,1,2,0,0,8,143,0.93,0.206,0.25,0.574,0,2.67,0,0,9,9,2,0,0,0,0,0,0,0,26,0.75,0.222,0.222,0.444,0,1.67,0,0,7,6,1,0,0,0,1,0,0,1,27,1.2,0.167,0.286,0.453
원태인,Samsung,22,4.37,0,1,30000,5000,0,0,3.92,92.45,87.75,1.01227188,1.034,3.694222,1.29,165.33,27,27,5.33,27,18,16,122,113,39,8,0,2,6,0,2,21,491,1.67,0.345,0.385,0.854,3,27,9,9,110,108,30,2,0,4,2,0,0,27,413,1.19,0.278,0.291,0.698,2.33,27,7,7,112,102,24,3,0,0,7,0,0,14,409,1.15,0.235,0.279,0.544,4,27,13,12,114,103,25,3,0,5,8,0,1,24,460,1.22,0.243,0.301,0.718,5.54,26,16,16,118,110,36,8,0,1,5,1,1,13,432,1.58,0.327,0.359,0.786,5.71,17.33,11,11,76,70,19,0,1,4,5,1,0,17,286,1.38,0.271,0.32,0.791,0.82,11,1,1,37,34,2,1,0,0,3,0,0,10,136,0.45,0.059,0.135,0.223,0,3,0,0,11,8,0,0,0,0,2,1,0,4,42,0.67,0,0.2,0.2,0,0,0,0,0,0,0,0,0,0,0,0,0,0,0,0,0,0,0
백정현,Samsung,22,1.51,0,0,80000,-40000,0,0,5.27,124.31,132.67,1.006599663,1.034,3.694222,1.53,124.67,24,24,6.38,24,19,17,115,108,39,7,0,5,5,0,1,13,447,1.83,0.361,0.391,0.956,5.25,24,14,14,109,98,30,5,1,4,7,0,4,15,404,1.54,0.306,0.376,0.876,4.13,24,11,11,99,92,23,8,0,5,6,1,0,15,344,1.21,0.25,0.296,0.796,5.57,21,13,13,92,85,27,2,0,3,5,0,1,11,327,1.52,0.318,0.363,0.81,4.91,18.33,11,10,81,71,18,2,1,1,7,0,2,9,321,1.36,0.254,0.333,0.685,2.45,11,3,3,53,46,12,2,0,2,6,0,1,5,193,1.64,0.261,0.358,0.793,19.29,2.33,5,5,13,10,5,1,0,2,1,0,0,2,39,2.57,0.5,0.545,1.745,0,0,0,0,0,0,0,0,0,0,0,0,0,0,0,0,0,0,0,0,0,0,0,0,0,0,0,0,0,0,0,0,0,0,0,0,0,0
허윤동,Samsung,22,0.15,0,1,4700,700,0,0,6.55,154.4,144.67,1.006374364,1.034,3.694222,1.78,55,12,12,12.75,12,17,17,64,47,17,2,0,4,9,0,3,6,244,2.17,0.362,0.453,1.113,4.5,12,7,6,55,48,13,3,0,1,7,0,0,8,191,1.67,0.271,0.364,0.76,2.25,12,4,3,55,45,12,2,0,2,9,0,1,11,221,1.75,0.267,0.4,0.844,9.31,9.67,10,10,50,42,16,3,0,1,5,0,1,5,181,2.17,0.381,0.449,0.973,1.29,7,1,1,28,23,2,2,0,0,3,0,1,5,112,0.71,0.087,0.214,0.388,11.57,2.33,3,3,12,10,4,1,0,0,1,0,0,1,36,2.14,0.4,0.455,0.955,0,0,0,0,0,0,0,0,0,0,0,0,0,0,0,0,0,0,0,0,0,0,0,0,0,0,0,0,0,0,0,0,0,0,0,0,0,0,0,0,0,0,0,0,0,0,0,0,0,0,0,0,0,0,0,0,0
뷰캐넌,Samsung,23,6.29,1,0,110000,0,0,0,2.54,59.25,71.12,0.993408085,0.998,3.862461,1.15,188,30,30,2.7,30,11,9,125,112,29,4,1,0,11,0,0,17,476,1.33,0.259,0.32,0.633,1.8,30,7,6,120,113,25,4,0,0,2,0,3,24,440,0.9,0.221,0.252,0.509,4.66,29,17,15,123,117,30,6,0,0,3,0,0,22,495,1.14,0.256,0.273,0.581,2.17,29,7,7,114,108,26,1,0,2,5,0,0,28,449,1.07,0.241,0.274,0.58,2.89,28,12,9,121,105,27,3,1,1,11,1,0,18,447,1.36,0.257,0.325,0.658,2.05,22,5,5,89,80,16,3,0,1,7,0,1,17,332,1.05,0.2,0.27,0.545,0.64,14,11,1,66,61,14,2,0,0,4,0,1,8,246,1.29,0.23,0.288,0.55,0,5,0,0,21,20,5,1,0,0,0,0,1,5,82,1,0.25,0.286,0.586,9,1,1,1,5,5,2,1,0,0,0,0,0,0,17,2,0.4,0.4,1
원태인,Samsung,23,4.43,0,1,35000,8000,0,0,3.24,75.66,97.28,0.997799867,0.998,3.862461,1.27,150,26,26,5.19,26,15,15,115,105,31,7,0,3,6,0,1,21,457,1.42,0.295,0.333,0.781,2.77,26,9,8,101,96,20,5,0,2,3,0,1,14,389,0.88,0.208,0.238,0.561,3.7,24.33,10,10,100,91,20,7,0,1,5,0,2,16,385,1.03,0.22,0.276,0.606,2.25,24,6,6,95,91,24,4,0,3,4,0,0,16,384,1.17,0.264,0.295,0.702,2.28,23.67,11,6,108,101,31,0,0,3,6,0,1,23,435,1.56,0.307,0.352,0.748,3.5,18,8,7,76,66,19,3,0,2,7,2,1,9,304,1.44,0.288,0.36,0.784,2.57,7,2,2,35,31,11,0,1,1,3,0,0,2,152,2,0.355,0.412,0.928,0,1,0,0,4,4,1,0,0,0,0,0,0,1,15,1,0.25,0.25,0.5,0,0,0,0,0,0,0,0,0,0,0,0,0,0,0,0,0,0,0
백정현,Samsung,23,2.92,0,0,40000,0,0,0,3.67,85.59,91.21,1.003702195,0.998,3.862461,1.29,100.67,18,18,5,18,12,10,83,73,22,5,0,2,7,0,0,12,320,1.61,0.301,0.363,0.815,3.5,18,7,7,78,68,19,3,0,1,7,0,0,6,290,1.44,0.279,0.342,0.71,2.65,17,5,5,68,60,14,0,0,0,6,0,0,13,252,1.18,0.233,0.299,0.532,2.25,16,4,4,61,57,12,4,0,2,4,0,0,12,213,1,0.211,0.262,0.648,0,15,0,0,54,52,9,2,0,0,2,0,0,7,234,0.73,0.173,0.204,0.416,6.97,10.33,8,8,45,41,13,2,1,0,2,1,0,7,178,1.45,0.317,0.341,0.756,10.38,4.33,6,5,21,19,7,2,0,1,2,1,0,3,75,2.08,0.368,0.429,1.061,0,2,0,0,7,7,2,0,0,0,0,0,0,1,24,1,0.286,0.286,0.572,99.99,0,2,2,2,2,2,1,1,0,0,0,0,0,3,99.99,1,1,3.5
수아레즈,Samsung,23,2.55,1,0,90000,0,0,0,3.92,91.46,72.83,0.995390278,0.998,3.862461,1.49,108,19,19,5.3,18.67,12,11,90,74,26,2,0,0,11,0,1,8,348,1.98,0.351,0.422,0.8,3.5,18,7,7,80,70,21,2,1,1,5,0,1,20,317,1.44,0.3,0.351,0.751,5.5,18,11,11,82,74,23,5,0,0,8,0,0,15,310,1.72,0.311,0.378,0.756,1.59,17,8,3,70,67,17,3,0,0,2,0,0,11,263,1.12,0.254,0.271,0.57,3.24,16.67,7,6,74,65,18,3,0,1,5,0,0,16,305,1.38,0.277,0.324,0.693,6.39,12.67,9,9,58,57,17,2,0,1,1,0,0,13,241,1.42,0.298,0.31,0.696,0,6,0,0,22,22,6,1,0,0,0,0,0,6,87,1,0.273,0.273,0.591,0,1,0,0,4,4,1,1,0,0,0,0,0,0,15,1,0.25,0.25,0.75,0,0,0,0,0,0,0,0,0,0,0,0,0,0,0,0,0,0,0
코너,Samsung,24,5.95,1,0,80000,0,0,0,3.43,65.9,86.57,0.988539438,1.01,4.581854,1.09,160,28,28,4.5,28,14,14,109,104,23,1,0,5,2,0,3,28,438,0.89,0.221,0.257,0.632,1.29,28,4,4,104,99,17,2,1,0,4,0,1,33,428,0.75,0.172,0.212,0.424,4.67,27,15,14,125,103,29,4,2,3,14,0,5,22,477,1.59,0.282,0.39,0.837,3.55,25.33,13,10,108,100,26,4,0,8,4,0,3,22,411,1.18,0.26,0.306,0.846,4.74,24.67,13,13,103,91,18,5,0,2,6,0,5,29,402,0.97,0.198,0.282,0.601,3.45,15.67,6,6,69,59,13,0,0,3,9,0,1,17,284,1.4,0.22,0.333,0.706,0,8.33,2,0,35,32,8,0,0,0,1,0,1,5,125,1.08,0.25,0.286,0.536,0,2,0,0,7,7,1,1,0,0,0,0,0,2,25,0.5,0.143,0.143,0.429,0,1,0,0,3,3,0,0,0,0,0,0,0,0,14,0,0,0,0
원태인,Samsung,24,5.87,0,1,43000,20000,0,0,3.66,70.37,88.89,0.997548131,1.01,4.581854,1.2,159.67,28,28,5.53,27.67,17,17,116,108,32,2,0,4,4,0,2,23,431,1.3,0.296,0.33,0.756,2.33,27,7,7,108,97,18,7,0,1,10,0,0,16,453,1.04,0.186,0.262,0.551,3.67,27,11,11,115,103,24,4,1,3,9,0,2,23,518,1.22,0.233,0.307,0.686,4.33,27,14,13,119,109,30,7,0,3,6,0,2,17,452,1.33,0.275,0.322,0.744,4.15,26,13,12,114,105,31,8,1,5,6,0,1,21,447,1.42,0.295,0.339,0.872,2.41,18.67,6,5,75,69,12,1,1,1,6,1,0,13,307,0.96,0.174,0.24,0.501,0,3.67,0,0,13,12,1,0,0,0,1,0,0,3,52,0.55,0.083,0.154,0.237,0,1.67,0,0,5,5,0,0,0,0,0,0,0,1,13,0,0,0,0,0,1,0,0,5,5,2,0,0,0,0,0,0,2,20,2,0.4,0.4,0.8
레예스,Samsung,24,5.06,1,1,50000,48000,0,0,3.81,73.22,83.07,1.002373681,1.01,4.581854,1.31,144,26,26,4.15,26,12,12,107,98,25,4,1,4,2,0,2,26,414,1.04,0.255,0.279,0.718,0.69,26,2,2,93,88,15,4,1,0,4,0,1,19,388,0.73,0.17,0.215,0.454,5.26,25.67,16,15,112,101,26,4,0,2,9,0,1,22,445,1.36,0.257,0.324,0.68,4.88,24,13,13,104,97,31,1,0,4,4,0,2,16,388,1.46,0.32,0.356,0.81,3.97,22.67,13,10,106,100,33,5,1,3,6,0,0,16,409,1.72,0.33,0.368,0.858,3.68,14.67,6,6,68,65,20,3,0,1,2,0,1,11,271,1.5,0.308,0.338,0.738,5.4,5,3,3,27,23,9,0,0,1,3,0,0,4,114,2.4,0.391,0.462,0.984,0,0,0,0,0,0,0,0,0,0,0,0,0,0,0,0,0,0,0,0,0,0,0,0,0,0,0,0,0,0,0,0,0,0,0,0,0,0
이승현,Samsung,24,2.7,0,1,7000,5000,0,0,4.23,81.15,97.69,0.989743502,1.01,4.581854,1.43,87.33,17,17,5.82,17,11,11,72,61,16,2,1,2,8,0,0,19,313,1.41,0.262,0.333,0.759,4.24,17,8,8,78,65,17,2,0,2,11,0,1,18,337,1.65,0.262,0.372,0.757,3.71,17,10,7,77,70,20,3,0,1,5,0,1,11,306,1.47,0.286,0.342,0.713,4.6,15.67,8,8,73,62,19,1,0,2,6,0,4,10,278,1.6,0.306,0.403,0.822,2.51,14.33,4,4,58,52,12,2,0,2,4,0,0,7,208,1.12,0.231,0.286,0.671,4.26,6.33,3,3,26,23,4,1,0,0,3,0,0,3,86,1.11,0.174,0.269,0.486,0,0,0,0,0,0,0,0,0,0,0,0,0,0,0,0,0,0,0,0,0,0,0,0,0,0,0,0,0,0,0,0,0,0,0,0,0,0,0,0,0,0,0,0,0,0,0,0,0,0,0,0,0,0,0,0,0
켈리,LG,22,6.14,1,1,90000,15000,0,0,2.54,65.71,74.66,0.943094992,0.903,3.694222,1.08,166.33,27,27,3.33,27,11,10,110,99,24,1,1,1,9,0,0,24,446,1.22,0.242,0.303,0.606,2.33,27,7,7,101,98,21,2,1,1,3,0,0,26,382,0.89,0.214,0.238,0.524,1.67,27,5,5,105,100,21,2,0,2,4,0,1,17,379,0.93,0.21,0.248,0.538,3.12,26,11,9,107,102,29,2,0,2,3,0,1,22,368,1.23,0.284,0.311,0.674,2.42,26,7,7,102,93,19,1,0,1,7,0,0,29,414,1,0.204,0.255,0.502,2.91,21.67,7,7,87,81,18,1,2,2,5,0,0,24,338,1.06,0.222,0.264,0.622,1.86,9.67,2,2,45,42,12,1,0,1,3,0,0,9,163,1.55,0.286,0.333,0.714,0,2,0,0,7,6,0,0,0,0,1,0,0,2,25,0.5,0,0.143,0.143,0,0,0,0,0,0,0,0,0,0,0,0,0,0,0,0,0,0,0
플럿코,LG,22,5.94,1,1,50000,30000,0,0,2.39,61.72,82.32,0.970519753,0.903,3.694222,1.01,162,28,28,2,27,8,6,108,102,21,0,0,4,6,1,0,30,416,1,0.206,0.25,0.574,2.67,27,8,8,104,96,19,3,0,3,7,0,0,21,398,0.96,0.198,0.252,0.575,2,27,9,6,106,96,17,6,0,0,8,1,0,26,439,0.93,0.177,0.238,0.478,1.67,27,7,5,107,100,24,4,1,3,4,0,1,21,440,1.04,0.24,0.271,0.661,1.33,27,4,4,105,96,19,0,0,0,6,0,1,22,405,0.93,0.198,0.252,0.45,4.87,20.33,14,11,87,79,18,4,1,1,6,0,0,20,371,1.18,0.228,0.276,0.618,5.06,5.33,3,3,22,21,6,0,0,2,1,0,0,7,87,1.31,0.286,0.318,0.889,0,1,0,0,4,4,1,1,0,0,0,0,0,2,17,1,0.25,0.25,0.75,0,0.33,0,0,2,2,0,0,0,0,0,0,0,1,10,0,0,0,0
김윤식,LG,22,3.23,0,1,7000,8000,0,0,3.31,85.42,85.08,0.948700429,0.903,3.694222,1.33,114.33,23,23,3.63,22.33,10,9,97,89,28,5,0,1,4,0,0,16,377,1.43,0.315,0.337,0.741,3.48,20.67,8,8,90,81,18,1,0,1,7,0,1,24,348,1.21,0.222,0.292,0.564,4.95,20,12,11,96,85,30,6,0,1,9,1,0,10,336,1.95,0.353,0.411,0.87,1.37,19.67,4,3,74,71,14,4,0,0,3,0,0,13,269,0.86,0.197,0.23,0.484,3.06,17.67,6,6,74,68,20,4,1,1,4,1,0,13,291,1.36,0.294,0.333,0.759,3.97,11.33,5,5,42,42,13,1,0,1,0,0,0,5,147,1.15,0.31,0.31,0.715,0,1.33,0,0,6,6,2,1,0,0,0,0,0,0,16,1.5,0.333,0.333,0.833,0,1,0,0,3,3,0,0,0,0,0,0,0,0,7,0,0,0,0,0,0,0,0,0,0,0,0,0,0,0,0,0,0,0,0,0,0,0
임찬규,LG,22,1.16,0,0,20000,-3000,0,0,5.04,130.11,116.25,0.944960934,0.903,3.694222,1.47,103.67,23,23,6.35,22.67,16,16,103,93,29,5,1,3,9,0,1,18,393,1.68,0.312,0.379,0.863,2.01,22.33,6,5,95,80,21,1,0,1,9,0,1,14,341,1.34,0.263,0.341,0.654,7.91,19.33,17,17,81,70,16,3,2,1,7,0,2,16,307,1.19,0.229,0.309,0.68,4,18,8,8,80,67,16,3,0,1,9,0,1,14,291,1.39,0.239,0.325,0.653,4.6,15.67,8,8,74,70,24,1,0,4,2,0,2,10,268,1.66,0.343,0.378,0.907,3.86,4.67,2,2,18,15,3,0,0,0,3,0,0,2,72,1.29,0.2,0.333,0.533,27,0.67,2,2,7,6,4,0,0,0,0,0,0,1,16,6,0.667,0.667,1.334,0,0,0,0,0,0,0,0,0,0,0,0,0,0,0,0,0,0,0,0,0,0,0,0,0,0,0,0,0,0,0,0,0,0,0,0,0,
이민호,LG,22,0.69,0,1,9800,4200,0,0,5.51,142.26,127.89,0.962813961,0.903,3.694222,1.58,119.33,26,26,6.58,26,20,19,123,102,27,3,3,2,15,0,3,23,486,1.62,0.265,0.369,0.781,5.76,25,16,16,108,98,27,3,0,4,7,0,1,13,416,1.36,0.276,0.327,0.756,6.93,24.67,19,19,113,101,33,8,2,2,9,0,1,16,495,1.7,0.327,0.384,0.889,5.4,20,12,12,90,81,28,5,0,3,4,0,1,5,300,1.6,0.346,0.375,0.894,0.6,15,3,1,64,59,17,2,0,1,3,0,1,9,230,1.33,0.288,0.333,0.706,6.75,8,6,6,37,34,12,2,0,2,3,0,0,7,148,1.88,0.353,0.405,0.993,0,0.67,0,0,5,3,2,0,0,0,2,0,0,0,28,6,0.667,0.8,1.467,0,0,0,0,0,0,0,0,0,0,0,0,0,0,0,0,0,0,0,0,0,0,0,0,0,0,0,0,0,0,0,0,0,0,0,0,0,0
플럿코,LG,23,4.97,1,0,80000,0,0,0,2.41,60.51,78.87,0.968214546,0.923,3.862461,1.18,123.33,21,21,3,21,8,7,89,80,19,4,1,1,9,0,0,19,329,1.33,0.238,0.315,0.665,2.14,21,6,5,90,84,21,3,2,0,4,0,1,15,329,1.19,0.25,0.292,0.625,2.57,21,6,6,89,81,21,3,0,1,5,0,1,17,370,1.24,0.259,0.31,0.643,3.86,21,9,9,90,83,22,6,0,2,5,0,1,20,361,1.29,0.265,0.315,0.725,0.95,19,3,2,68,65,10,1,0,1,2,1,0,16,275,0.63,0.154,0.179,0.394,2.12,17,5,4,69,63,17,1,0,0,6,0,0,11,256,1.35,0.27,0.333,0.619,0,3.33,0,0,15,15,5,3,0,0,0,0,0,3,52,1.5,0.333,0.333,0.866,0,0,0,0,0,0,0,0,0,0,0,0,0,0,0,0,0,0,0,0,0,0,0,0,0,0,0,0,0,0,0,0,0,0,0,0,0,0
켈리,LG,23,3.93,1,1,105000,-25000,0,0,3.83,96.19,87.72,0.95514468,0.923,3.862461,1.24,178.67,30,30,4.2,30,15,14,123,114,28,7,0,2,7,0,1,28,495,1.17,0.246,0.293,0.653,2.43,29.67,10,8,128,119,34,6,0,1,6,0,2,28,495,1.35,0.286,0.328,0.689,4.34,29,14,14,118,109,29,4,0,2,6,0,1,22,432,1.21,0.266,0.31,0.668,2.48,29,12,8,125,116,32,7,2,0,5,0,1,20,455,1.28,0.276,0.306,0.677,2.79,29,12,9,111,109,23,4,0,3,2,0,0,22,383,0.86,0.211,0.225,0.555,8.18,22,20,20,100,85,25,3,0,1,11,0,1,7,346,1.64,0.294,0.378,0.743,3,9,3,3,36,33,10,0,1,1,2,1,0,2,120,1.33,0.303,0.333,0.788,0,1,1,0,5,3,2,0,0,0,0,0,0,0,17,2,0.667,0.5,1.167,0,0,0,0,0,0,0,0,0,0,0,0,0,0,0,0,0,0,0
엔스,LG,24,4.33,1,0,60000,0,0,0,4.19,87.84,85.91,0.970074313,0.949,4.581854,1.31,167.67,30,30,3.9,30,14,13,122,113,30,7,0,1,5,0,2,25,494,1.17,0.265,0.303,0.657,2.4,30,8,8,122,110,26,4,0,0,11,0,0,28,519,1.23,0.236,0.306,0.579,7.2,30,24,24,139,127,40,11,2,3,10,0,0,30,596,1.67,0.315,0.365,0.869,4.85,29.67,20,16,131,115,34,4,1,4,7,0,2,28,499,1.38,0.296,0.336,0.788,3.76,26.33,12,11,109,96,21,0,0,4,11,0,1,22,428,1.22,0.219,0.306,0.65,2.37,19,5,5,76,72,15,3,0,3,3,0,1,23,300,0.95,0.208,0.25,0.625,3.86,2.33,1,1,13,8,2,0,0,1,3,0,0,1,53,2.14,0.25,0.455,1.08,0,0.33,0,0,2,2,1,0,0,0,0,0,0,0,17,3,0.5,0.5,1,0,0,0,0,0,0,0,0,0,0,0,0,0,0,0,0,0,0,0
켈리,LG,24,2.2,1,0,80000,0,0,0,4.51,94.69,104.22,0.961878244,0.949,4.581854,1.37,113.67,19,19,8.05,19,19,17,91,82,28,3,0,5,7,0,0,15,353,1.84,0.341,0.389,0.95,2.84,19,7,6,81,73,21,2,0,3,5,0,2,9,316,1.37,0.288,0.35,0.788,3.32,19,11,7,81,72,20,3,1,2,3,0,1,7,294,1.21,0.278,0.3,0.731,4.26,19,9,9,82,74,19,2,0,1,6,0,0,6,272,1.32,0.257,0.305,0.629,4,18,8,8,75,69,18,3,0,1,2,0,2,18,273,1.11,0.261,0.301,0.649,6.39,12.67,10,9,62,59,21,4,0,1,1,0,1,11,219,1.74,0.356,0.371,0.846,0,4,0,0,12,12,1,0,0,0,0,0,0,3,49,0.25,0.083,0.083,0.166,4.5,2,1,1,9,8,2,1,0,0,1,0,0,1,33,1.5,0.25,0.333,0.708,0,1,0,0,3,3,1,0,0,0,0,0,0,0,8,1,0.333,0.333,0.666
고영표,KT,22,6.13,0,1,30000,13000,0,0,3.26,76.5,64.53,0.984876159,0.997,3.694222,1.17,182.33,28,28,6.43,28,21,20,129,119,43,5,0,2,6,0,3,22,454,1.75,0.361,0.403,0.857,2.6,27.67,8,8,107,101,23,4,1,0,1,0,3,28,392,0.87,0.228,0.255,0.542,2.25,28,7,7,118,110,29,6,0,1,5,0,1,23,402,1.21,0.264,0.302,0.647,1.33,27,5,4,107,97,22,4,1,0,6,0,2,18,381,1.04,0.227,0.283,0.572,2.7,26.67,8,8,108,101,24,4,0,3,2,0,3,26,360,0.98,0.238,0.271,0.637,6,24,17,16,114,106,36,6,1,0,3,1,4,22,371,1.63,0.34,0.381,0.796,1.26,14.33,2,2,52,52,10,1,0,0,0,0,0,15,177,0.7,0.192,0.192,0.404,0,5,0,0,16,16,1,0,0,0,0,0,0,3,62,0.2,0.063,0.063,0.126,6.75,1.33,1,1,7,7,3,1,0,1,0,0,0,0,17,2.25,0.429,0.429,1.429
소형준,KT,22,5.39,0,1,20000,12000,0,0,3.05,71.54,80.08,0.985519232,0.997,3.694222,1.15,171.33,27,27,4.33,27,14,13,111,105,28,2,2,2,4,0,0,15,378,1.19,0.267,0.291,0.672,3.33,27,11,10,109,104,25,0,0,3,5,0,0,26,406,1.11,0.24,0.275,0.602,2.67,27,8,8,110,101,23,4,0,0,6,0,2,18,398,1.07,0.228,0.284,0.551,3.71,26.67,14,11,116,103,26,3,3,1,9,0,1,20,431,1.31,0.252,0.316,0.685,2.08,26,11,6,106,95,19,4,0,1,8,0,1,16,382,1.04,0.2,0.269,0.543,0.41,22,1,1,84,79,20,1,0,0,3,0,0,13,273,1.05,0.253,0.28,0.546,5.54,13,8,8,57,52,15,2,1,1,4,1,1,8,202,1.46,0.288,0.351,0.774,3.38,2.67,1,1,10,10,2,0,0,0,0,0,0,1,29,0.75,0.2,0.2,0.4,0,0,0,0,0,0,0,0,0,0,0,0,0,0,0,0,0,0,0
벤자민,KT,22,3.48,1,1,23100,76900,0,0,2.7,63.4,94.98,1.000935554,0.997,3.694222,1.02,96.67,17,17,3.18,17,8,6,73,69,17,2,0,3,4,0,0,17,279,1.24,0.246,0.288,0.694,3.71,17,7,7,65,59,14,1,0,2,4,0,1,17,263,1.06,0.237,0.292,0.648,1.08,16.67,3,2,67,61,12,0,0,2,5,1,1,11,255,1.02,0.197,0.269,0.564,2.4,15,5,4,59,56,13,3,0,2,2,0,1,10,225,1,0.232,0.271,0.664,3.21,14,5,5,56,42,6,1,0,0,7,1,1,9,197,0.93,0.143,0.269,0.436,0.82,11,2,1,39,38,6,1,0,0,0,0,0,9,148,0.55,0.158,0.154,0.338,3.18,5.67,2,2,23,20,5,1,1,1,2,0,0,4,71,1.24,0.25,0.304,0.854,54,0.33,2,2,3,3,2,0,0,1,0,0,0,0,11,6,0.667,0.667,2.334,0,0,0,0,0,0,0,0,0,0,0,0,0,0,0,0,0,0,0
쿠에바스,KT,23,5.19,1,1,45000,55000,0,0,2.6,59.79,64.08,0.991379603,0.994,3.862461,1.04,114.33,18,18,1.5,18,3,3,69,66,13,0,0,1,2,0,1,18,252,0.83,0.197,0.232,0.474,1.5,18,3,3,69,64,11,1,0,1,4,0,0,14,241,0.83,0.172,0.221,0.455,6.5,18,13,13,81,71,23,3,0,1,5,1,0,12,299,1.56,0.324,0.354,0.762,0.56,16,1,1,60,59,13,1,0,0,1,0,0,13,203,0.88,0.22,0.233,0.47,5.17,15.67,9,9,68,60,15,1,1,1,4,0,1,15,253,1.21,0.25,0.303,0.653,1.29,14,2,2,54,52,11,3,0,0,1,0,0,12,204,0.86,0.212,0.222,0.491,0,10.67,0,0,41,37,6,1,0,0,4,0,0,10,140,0.94,0.162,0.244,0.433,0,3.67,0,0,15,13,2,0,0,0,2,0,0,6,65,1.09,0.154,0.267,0.421,27,0.33,1,1,3,2,1,0,1,0,1,0,0,0,9,6,0.5,0.667,2.167
벤자민,KT,23,3.66,1,1,100000,-10000,0,0,3.54,81.57,72.37,0.99809925,0.994,3.862461,1.21,160,29,29,3.41,29,17,11,124,118,28,4,0,2,5,0,0,30,487,1.14,0.237,0.268,0.59,5.28,29,19,17,131,120,36,4,1,4,9,0,1,33,506,1.55,0.3,0.354,0.804,3.21,28,12,10,118,105,23,6,0,0,8,0,1,27,447,1.11,0.219,0.278,0.554,2.96,27.33,14,9,112,102,21,5,0,3,6,0,1,23,428,0.99,0.206,0.252,0.595,4.24,23.33,11,11,106,90,21,1,0,2,14,1,0,24,406,1.5,0.233,0.333,0.644,2.45,14.67,5,4,59,55,13,1,0,1,2,0,0,13,228,1.02,0.236,0.259,0.568,0,6,0,0,22,21,4,1,0,0,0,0,0,4,87,0.67,0.19,0.19,0.428,3.38,2.67,1,1,12,11,3,1,0,0,1,0,0,3,47,1.5,0.273,0.333,0.697,0,0,0,0,0,0,0,0,0,0,0,0,0,0,0,0,0,0,0
쿠에바스,KT,24,5.06,1,1,100000,40000,0,0,4.1,81.28,85.66,0.994697167,0.995,4.581854,1.25,173.33,31,31,5.23,31,19,18,135,115,29,7,1,4,15,0,0,22,515,1.42,0.252,0.328,0.763,6.3,30,21,21,128,114,27,6,0,2,13,0,1,23,485,1.33,0.237,0.32,0.662,3.41,29,12,11,117,103,20,6,1,3,8,0,4,29,445,0.97,0.194,0.274,0.633,3.95,27.33,15,12,122,115,33,4,0,5,7,0,0,26,496,1.46,0.287,0.328,0.78,2.42,26,7,7,103,92,17,4,0,2,6,1,1,17,375,0.88,0.185,0.24,0.533,3.68,22,10,9,101,89,25,8,1,0,9,3,1,28,405,1.55,0.281,0.35,0.743,1.13,8,2,1,31,30,7,1,0,1,1,0,0,9,135,1,0.233,0.258,0.625,0,0,0,0,0,0,0,0,0,0,0,0,0,0,0,0,0,0,0,0,0,0,0,0,0,0,0,0,0,0,0,0,0,0,0,0,0,0
엄상백,KT,24,3.93,0,1,25000,65000,1,0,4.88,96.75,92.76,1.00076843,0.995,4.581854,1.31,156.67,29,29,6.21,29,20,20,126,112,31,6,0,6,10,0,1,31,522,1.41,0.277,0.336,0.827,1.86,29,6,6,115,104,19,2,1,2,9,0,0,31,490,0.97,0.183,0.246,0.525,5.34,28.67,17,17,125,112,29,5,0,6,8,0,4,32,515,1.29,0.259,0.328,0.792,6.33,27,21,19,129,120,43,5,1,5,5,0,1,19,475,1.78,0.358,0.386,0.928,2.88,25,9,8,100,93,20,1,1,4,6,0,0,29,406,1.04,0.215,0.263,0.639,7.71,14,12,12,62,58,18,5,0,2,4,0,0,13,242,1.57,0.31,0.355,0.855,4.91,3.67,2,2,16,16,4,2,0,1,0,0,0,3,57,1.09,0.25,0.25,0.813,27,0.33,1,1,2,1,0,0,0,0,0,0,1,1,9,0,0,0.5,0.5,0,0,0,0,0,0,0,0,0,0,0,0,0,0,0,0,0,0,0
벤자민,KT,24,3.19,1,0,90000,0,0,0,4.63,91.74,98.18,0.985015634,0.995,4.581854,1.26,149.67,28,28,2.25,28,8,7,104,96,18,4,0,4,7,0,0,25,416,0.89,0.188,0.24,0.594,8.67,27,29,26,128,112,34,8,0,6,12,0,2,37,506,1.7,0.304,0.378,0.914,5.4,26.67,17,16,114,104,24,5,2,5,8,0,1,23,417,1.2,0.231,0.292,0.754,2.22,24.33,9,6,95,89,15,2,1,4,5,0,0,33,382,0.82,0.169,0.211,0.559,4.84,22.33,16,12,104,88,28,4,0,6,10,2,1,16,389,1.7,0.318,0.39,0.958,4.05,13.33,7,6,59,54,13,1,1,3,5,0,0,12,246,1.35,0.241,0.305,0.768,4.5,6,3,3,27,27,9,1,0,0,0,0,0,8,114,1.5,0.333,0.333,0.703,0,2,0,0,8,7,0,0,0,0,1,0,0,2,39,0.5,0,0.125,0.125,0,0,0,0,0,0,0,0,0,0,0,0,0,0,0,0,0,0,0
곽빈,Doosan,22,3.27,0,1,6500,7500,0,0,3.78,97.64,102.99,0.962364123,0.903,3.694222,1.37,147.67,27,27,3,27,9,9,114,95,25,8,0,0,12,0,4,19,463,1.37,0.263,0.369,0.716,3.67,27,12,11,116,100,23,1,0,5,11,0,3,26,513,1.26,0.23,0.319,0.709,5.33,25.33,16,15,107,102,27,7,0,4,5,0,0,27,413,1.26,0.265,0.299,0.75,1.85,24.33,6,5,97,86,14,4,0,2,11,0,0,25,398,1.03,0.163,0.258,0.537,2.63,24,9,7,111,93,25,6,0,0,13,0,1,19,389,1.58,0.269,0.364,0.697,6.28,14.33,12,10,71,61,17,3,0,2,7,1,3,16,276,1.67,0.279,0.38,0.806,7.94,5.67,5,5,29,28,12,1,0,0,1,0,0,6,113,2.29,0.429,0.448,0.912,0,0,0,0,0,0,0,0,0,0,0,0,0,0,0,0,0,0,0,0,0,0,0,0,0,0,0,0,0,0,0,0,0,0,0,0,0,0
최원준,Doosan,22,3.23,0,0,34000,-1000,0,0,3.6,93.02,114.03,0.954273636,0.903,3.694222,1.33,165,30,30,2.7,30,14,9,127,115,28,5,0,2,9,0,2,17,513,1.23,0.243,0.307,0.646,3,30,12,10,125,118,35,6,1,3,3,0,0,28,482,1.27,0.297,0.309,0.75,5.4,28.33,20,17,133,120,35,6,0,6,10,0,2,17,508,1.59,0.292,0.353,0.845,1.95,27.67,7,6,109,101,22,3,0,1,4,0,2,21,389,0.94,0.218,0.259,0.536,2.73,26.33,11,8,107,101,26,3,1,3,3,0,1,16,409,1.1,0.257,0.283,0.679,4.74,19,10,10,88,82,27,4,0,3,5,0,0,12,364,1.68,0.329,0.368,0.856,14.73,3.67,6,6,24,20,10,4,0,3,3,0,0,2,90,3.55,0.5,0.565,1.715,0,0,0,0,0,0,0,0,0,0,0,0,0,0,0,0,0,0,0,0,0,0,0,0,0,0,0,0,0,0,0,0,0,0,0,0,0,0
스탁,Doosan,22,2.53,1,0,40000,0,0,0,3.6,93.02,105.67,0.955897091,0.903,3.694222,1.48,165,29,29,4.03,29,22,13,135,113,33,3,0,2,21,0,1,26,547,1.86,0.292,0.407,0.779,4.82,28,18,15,133,107,28,6,0,2,21,0,5,20,539,1.75,0.262,0.406,0.78,2.6,27.67,13,8,124,108,24,5,1,2,14,0,2,27,497,1.37,0.222,0.323,0.666,2.33,27,8,7,106,94,19,1,0,1,11,0,1,24,439,1.11,0.202,0.292,0.537,5.92,24.33,17,16,106,96,32,3,1,2,7,0,1,23,403,1.6,0.333,0.381,0.829,1.45,18.67,3,3,75,66,16,4,0,0,7,0,0,9,285,1.23,0.242,0.311,0.614,3.72,9.67,4,4,40,37,9,1,0,0,2,0,0,8,153,1.14,0.243,0.282,0.552,0,0.67,0,0,3,3,1,1,0,0,0,0,0,1,13,1.5,0.333,0.333,1,0,0,0,0,0,0,0,0,0,0,0,0,0,0,0,0,0,0,0
알칸타라,Doosan,23,6.08,1,1,50000,30000,0,0,2.67,67.13,84.86,0.966921719,0.923,3.862461,1.07,192,31,31,2.9,31,12,10,120,109,19,3,0,2,8,0,0,26,495,0.87,0.174,0.229,0.486,2.03,31,8,7,125,121,29,6,0,2,3,0,1,30,481,1.03,0.24,0.264,0.603,2.32,31,10,8,121,110,22,5,0,2,9,0,1,25,468,1,0.2,0.267,0.567,3.3,30,15,11,123,114,27,11,0,3,7,0,0,25,490,1.13,0.237,0.281,0.693,2.25,28,7,7,115,109,30,3,0,3,3,0,0,24,424,1.18,0.275,0.295,0.68,3.81,26,12,11,116,107,33,4,0,1,3,0,3,17,420,1.38,0.308,0.342,0.716,2.25,12,3,3,47,45,9,1,0,3,2,1,0,11,172,0.92,0.2,0.234,0.656,0,3,0,0,11,11,2,0,0,0,0,0,0,5,43,0.67,0.182,0.182,0.364,0,0,0,0,0,0,0,0,0,0,0,0,0,0,0,0,0,0,0
곽빈,Doosan,23,4.42,0,1,14000,7000,0,0,2.9,72.81,99.4,0.955840336,0.923,3.862461,1.21,127.33,23,23,3.52,23,9,9,95,84,21,2,0,2,10,0,0,19,426,1.35,0.25,0.326,0.671,3.63,22.33,9,9,95,81,18,4,0,1,10,0,3,23,420,1.25,0.222,0.33,0.639,2.45,22,6,6,83,70,10,1,0,2,10,0,0,19,367,0.91,0.143,0.25,0.493,3.86,21,9,9,92,81,20,2,1,2,8,0,2,15,362,1.33,0.247,0.326,0.696,1.5,18,5,3,77,64,12,4,0,0,11,0,0,17,340,1.28,0.188,0.307,0.557,1.26,14.33,3,2,57,50,10,3,0,0,6,0,0,7,212,1.12,0.2,0.281,0.541,5.06,5.33,3,3,20,17,4,2,0,0,1,0,0,6,69,0.94,0.235,0.263,0.616,0,1.33,0,0,7,5,1,0,0,0,2,0,0,0,33,2.25,0.2,0.429,0.629,0,0,0,0,0,0,0,0,0,0,0,0,0,0,0,0,0,0,0
브랜든,Doosan,23,3.72,1,1,23000,52000,0,0,2.49,62.66,79.39,0.980700965,0.923,3.862461,1.05,104.67,18,18,4,18,8,8,74,67,14,2,0,2,6,0,0,14,296,1.11,0.209,0.27,0.598,1.5,18,4,3,72,61,14,3,0,1,3,0,6,17,278,0.94,0.23,0.329,0.657,3,18,8,6,79,68,16,2,0,0,6,0,3,20,321,1.22,0.235,0.325,0.59,3.5,18,7,7,75,62,13,2,0,1,9,0,1,14,313,1.22,0.21,0.315,0.605,1.84,14.67,5,3,57,54,10,3,0,0,2,0,1,17,244,0.82,0.185,0.228,0.469,1.38,13,2,2,53,48,12,1,0,0,3,0,1,12,208,1.15,0.25,0.308,0.579,0,5,0,0,17,15,1,0,0,0,1,0,0,6,69,0.4,0.067,0.125,0.192,0,0,0,0,0,0,0,0,0,0,0,0,0,0,0,0,0,0,0,0,0,0,0,0,0,0,0,0,0,0,0,0,0,0,0,0,0,0
곽빈,Doosan,24,5,0,1,21000,17000,0,0,4.24,88.97,88.03,0.96919932,0.949,4.581854,1.3,167.67,30,30,3.3,30,12,11,123,107,20,5,0,2,14,0,1,33,574,1.13,0.187,0.285,0.575,3,30,11,10,119,108,23,5,0,0,9,0,0,32,464,1.07,0.213,0.269,0.528,6.21,29,20,20,132,112,31,7,0,6,12,0,3,21,511,1.48,0.277,0.354,0.854,2.54,28.33,9,8,111,94,14,4,0,2,13,0,1,27,426,0.95,0.149,0.259,0.514,5.47,26.33,16,16,123,107,30,5,1,1,14,0,1,27,489,1.67,0.28,0.366,0.74,4.26,19,10,9,83,72,18,1,0,0,10,0,0,13,320,1.47,0.25,0.341,0.605,8.31,4.33,4,4,22,19,5,2,0,0,3,0,0,1,94,1.85,0.263,0.364,0.732,13.5,0.67,1,1,4,3,1,0,0,0,1,0,0,1,18,3,0.333,0.5,0.833,0,0,0,0,0,0,0,0,0,0,0,0,0,0,0,0,0,0,0
브랜든,Doosan,24,2.47,1,0,75000,0,0,0,3.12,65.46,59.6,0.965826667,0.949,4.581854,1.15,75,14,14,3.86,14,7,6,59,56,16,5,0,1,2,0,0,14,244,1.29,0.286,0.305,0.734,1.93,14,3,3,53,49,9,0,0,1,2,0,1,21,221,0.79,0.184,0.231,0.476,6.92,13,11,10,60,50,17,2,0,0,5,0,1,11,242,1.69,0.34,0.397,0.777,2.25,12,3,3,48,45,11,2,0,0,1,0,1,12,176,1,0.244,0.277,0.566,0.75,12,2,1,49,48,10,2,1,0,0,0,1,10,186,0.83,0.208,0.224,0.516,1.8,10,6,2,43,41,10,0,1,0,1,0,0,7,189,1.1,0.244,0.256,0.549,99.99,0,2,1,3,3,2,0,0,1,0,0,0,0,16,99.99,0.667,0.667,2.334,0,0,0,0,0,0,0,0,0,0,0,0,0,0,0,0,0,0,0,0,0,0,0,0,0,0,0,0,0,0,0,0,0,0,0,0,0,0
최원준,Doosan,24,1.42,0,0,25000,-2500,0,0,6.46,135.61,129.52,0.97302,0.949,4.581854,1.45,110,24,24,1.5,24,4,4,93,88,17,3,0,2,4,0,1,14,377,0.88,0.193,0.237,0.532,5.63,24,15,15,109,99,28,5,2,5,7,0,1,26,415,1.46,0.283,0.33,0.855,9.89,23.67,26,26,114,101,34,7,0,8,10,0,3,14,455,1.86,0.337,0.412,1.056,5.49,19.67,12,12,82,74,16,3,0,4,7,0,1,12,311,1.17,0.216,0.293,0.712,10.05,14.33,16,16,69,59,22,3,0,2,5,1,3,6,270,1.88,0.373,0.448,0.973,12.27,3.67,5,5,20,19,7,2,0,0,1,0,0,1,85,2.18,0.368,0.4,0.874,13.5,0.67,1,1,4,3,1,1,0,0,0,0,1,0,20,1.5,0.333,0.5,1.167,0,0,0,0,0,0,0,0,0,0,0,0,0,0,0,0,0,0,0,0,0,0,0,0,0,0,0,0,0,0,0,0,0,0,0,0,0,0
알칸타라,Doosan,24,1.36,1,0,80000,0,0,0,4.76,99.79,125.46,0.967687082,0.949,4.581854,1.24,64.33,12,12,4.5,12,6,6,45,40,6,2,0,3,4,0,1,10,172,0.83,0.15,0.244,0.669,6.75,12,9,9,53,45,11,2,0,1,7,0,0,5,198,1.5,0.244,0.346,0.702,2.45,11,3,3,44,43,10,1,0,0,1,0,0,9,179,1,0.233,0.25,0.506,9,10,11,10,50,42,11,1,1,4,7,0,1,2,213,1.8,0.262,0.38,0.999,4,9,4,4,37,35,11,1,1,1,1,0,0,2,120,1.33,0.314,0.333,0.819,2.84,6.33,2,2,29,27,8,1,1,1,2,0,0,4,121,1.58,0.296,0.345,0.864,0,3,0,0,9,9,1,0,0,0,0,0,0,1,31,0.33,0.111,0.111,0.222,0,1,0,0,3,3,0,0,0,0,0,0,0,1,9,0,0,0,0,0,0,0,0,0,0,0,0,0,0,0,0,0,0,0,0,0,0,0
김광현,SSG,22,7.39,0,1,810000,-710000,1,0,2.13,50.28,74.17,1.035599319,1.071,3.694222,1.07,173.33,28,28,3.86,28,13,12,124,113,33,0,0,3,11,0,0,26,503,1.57,0.292,0.355,0.727,0.96,28,8,3,104,96,15,3,0,0,4,0,0,36,393,0.68,0.156,0.188,0.376,3.54,28,11,11,115,109,27,5,1,3,5,0,0,22,418,1.14,0.248,0.281,0.675,2.93,27.67,9,9,117,106,28,2,1,2,8,0,2,21,435,1.3,0.264,0.325,0.683,0.67,27,3,2,102,91,14,2,0,0,8,1,1,21,385,0.81,0.154,0.23,0.406,0.76,23.67,2,2,92,83,17,3,0,1,7,1,2,19,352,1.01,0.205,0.283,0.56,1.8,10,2,2,37,35,7,1,0,1,2,0,0,7,133,0.9,0.2,0.243,0.557,0,1,0,0,3,3,0,0,0,0,0,0,0,1,15,0,0,0,0,0,0,0,0,0,0,0,0,0,0,0,0,0,0,0,0,0,0,0
폰트,SSG,22,6.5,1,1,110000,0,0,0,2.69,63.54,78.24,1.035190217,1.071,3.694222,0.95,184,28,28,5.79,28,20,18,121,118,34,3,0,9,3,0,0,25,440,1.32,0.288,0.306,0.848,1.61,28,7,5,108,102,18,1,0,2,5,0,0,27,425,0.82,0.176,0.215,0.46,2.57,28,8,8,109,104,21,3,2,0,3,0,1,26,404,0.86,0.202,0.229,0.498,1.93,28,9,6,112,103,21,7,0,2,4,0,2,27,417,0.89,0.204,0.243,0.573,2.25,28,7,7,111,99,20,4,1,0,9,1,2,31,436,1.04,0.202,0.279,0.542,1.96,23,6,5,90,82,15,1,0,3,6,0,1,16,330,0.91,0.183,0.247,0.552,3.38,16,6,6,63,59,11,2,0,2,3,0,0,17,256,0.88,0.186,0.222,0.544,0,4,0,0,13,12,1,1,0,0,1,0,0,1,50,0.5,0.083,0.154,0.321,0,1,0,0,3,3,0,0,0,0,0,0,0,1,14,0,0,0,0
모리만도,SSG,22,3.43,1,1,18000,0,0,0,1.67,39.5,70.57,1.03442878,1.071,3.694222,1.06,75.33,12,12,1.5,12,3,2,49,42,7,0,0,0,5,0,1,12,199,1,0.167,0.271,0.438,2.25,12,3,3,51,46,12,0,0,2,4,0,0,10,186,1.33,0.261,0.32,0.711,3.75,12,5,5,48,44,9,3,0,0,3,0,1,10,198,1,0.205,0.271,0.544,3.18,11.33,7,4,55,49,16,5,0,0,4,0,0,11,215,1.76,0.327,0.37,0.799,0,11,0,0,39,36,7,0,0,0,2,0,1,9,142,0.82,0.194,0.256,0.45,0,10,0,0,34,30,1,0,0,0,3,0,1,6,132,0.4,0.033,0.147,0.18,0,6.1,1,0,26,24,5,0,0,0,2,0,0,9,99,1.11,0.208,0.269,0.477,0,0.2,0,0,2,2,0,0,0,0,0,0,0,0,7,0,0,0,0,0,0,0,0,0,0,0,0,0,0,0,0,0,0,0,0,0,0,0
노바,SSG,22,-0.27,1,0,75000,0,0,0,6.5,153.59,116.27,1.005746034,1.071,3.694222,1.62,63.67,12,12,5.25,12,7,7,51,46,10,1,1,1,3,0,0,7,190,1.08,0.217,0.265,0.613,3,12,8,4,56,48,13,2,1,0,8,0,0,6,213,1.75,0.271,0.375,0.729,9.75,12,13,13,56,51,19,1,0,1,4,0,0,7,193,1.92,0.373,0.411,0.862,4.5,10,5,5,42,37,9,0,0,1,5,0,0,6,156,1.4,0.243,0.333,0.657,10,9,10,10,48,41,17,4,0,1,4,0,2,3,151,2.33,0.415,0.479,1.064,11.12,5.67,7,7,27,24,8,2,0,1,0,0,3,0,103,1.41,0.333,0.407,0.949,0,3,0,0,11,10,2,0,0,0,1,0,0,3,40,1,0.2,0.273,0.473,0,0,0,0,0,0,0,0,0,0,0,0,0,0,0,0,0,0,0,0,0,0,0,0,0,0,0,0,0,0,0,0,0,0,0,0,0,0
김광현,SSG,23,4.19,0,0,100000,0,0,0,3.53,82.96,98.41,1.036582427,1.072,3.862461,1.38,168.33,30,30,2.7,30,9,9,117,102,23,5,0,0,12,0,0,16,468,1.17,0.225,0.302,0.577,2.1,30,8,7,122,109,26,4,0,3,12,0,0,31,515,1.27,0.239,0.311,0.669,3,30,12,10,127,118,34,5,0,1,8,0,0,19,476,1.4,0.288,0.331,0.687,7.85,28.67,26,25,136,113,37,7,0,5,14,0,1,19,527,1.78,0.327,0.391,0.913,2.28,23.67,8,6,98,88,19,4,0,1,9,0,0,18,366,1.18,0.216,0.289,0.584,3,18,9,6,81,70,20,4,0,1,8,0,1,12,309,1.56,0.286,0.363,0.749,3.68,7.33,3,3,29,23,4,1,0,0,6,0,0,4,118,1.36,0.174,0.345,0.562,0,0.67,0,0,3,2,0,0,0,0,1,0,0,0,19,1.5,0,0.333,0.333,0,0,0,0,0,0,0,0,0,0,0,0,0,0,0,0,0,0,0
맥카티,SSG,23,3.3,1,0,60000,0,0,0,3.39,79.76,85.36,1.040143923,1.072,3.862461,1.3,130,24,24,3,24,13,8,104,91,22,3,0,2,13,0,0,19,414,1.46,0.242,0.337,0.678,0.38,24,1,1,84,81,15,0,0,1,3,0,0,24,372,0.75,0.185,0.214,0.436,5.64,22.33,15,14,102,87,26,7,0,0,11,0,1,16,432,1.66,0.299,0.38,0.759,5.4,20,15,12,88,81,22,2,1,3,6,0,0,21,359,1.4,0.272,0.318,0.75,3.5,18,7,7,72,69,18,4,0,3,3,0,0,21,300,1.17,0.261,0.292,0.741,3.07,14.67,5,5,62,57,15,2,0,0,5,0,0,11,238,1.36,0.263,0.323,0.621,1.35,6.67,1,1,28,24,5,1,1,0,3,0,0,4,119,1.2,0.208,0.296,0.629,27,0.33,1,1,3,2,1,0,0,1,1,0,0,0,12,6,0.5,0.667,2.667,0,0,0,0,0,0,0,0,0,0,0,0,0,0,0,0,0,0,0
김광현,SSG,24,3.42,0,0,100000,0,0,0,4.93,96.22,100.98,1.026426415,1.067,4.581854,1.45,162.33,31,31,4.94,31,17,17,137,122,30,5,0,3,13,0,2,38,553,1.39,0.246,0.328,0.689,4.35,31,16,15,130,108,23,4,0,3,16,0,3,30,529,1.26,0.213,0.328,0.661,7.71,30.33,26,26,137,116,33,6,0,10,17,0,0,27,519,1.65,0.284,0.37,0.965,3.67,27,14,11,116,110,31,4,0,3,6,0,0,27,421,1.37,0.282,0.319,0.719,3.55,25.33,12,10,114,98,25,5,0,2,15,1,0,22,446,1.58,0.255,0.354,0.721,3.86,16.33,7,7,66,62,17,5,0,3,3,0,1,11,251,1.22,0.274,0.318,0.818,20.25,1.33,3,3,10,7,3,0,0,0,3,0,0,0,44,4.5,0.429,0.6,1.029,0,0,0,0,0,0,0,0,0,0,0,0,0,0,0,0,0,0,0,0,0,0,0,0,0,0,0,0,0,0,0,0,0,0,0,0,0,0
반즈,Lotte,22,5.1,1,1,46000,39000,0,0,3.62,85.49,75.83,1.032262277,1.085,3.694222,1.2,186.33,31,31,2.9,31,11,10,121,114,26,6,2,0,3,0,2,34,442,0.94,0.228,0.258,0.574,3.77,31,16,13,131,118,31,5,1,3,7,0,5,27,498,1.23,0.263,0.328,0.726,4.7,30.67,16,16,129,115,29,2,0,3,11,0,0,31,518,1.3,0.252,0.315,0.663,4.03,29,17,13,130,112,31,5,1,0,11,0,2,27,500,1.45,0.277,0.346,0.685,2.6,27.67,9,8,115,105,23,1,1,0,8,1,1,14,403,1.12,0.219,0.281,0.529,3.98,20.33,10,9,88,79,19,4,0,2,5,0,2,11,323,1.18,0.241,0.299,0.666,3.38,10.67,4,4,47,42,12,2,0,0,2,0,2,11,152,1.31,0.286,0.348,0.681,1.8,5,1,1,21,18,3,1,0,0,0,0,3,4,85,0.6,0.167,0.286,0.508,9,1,1,1,6,5,2,1,0,0,0,0,1,1,24,2,0.4,0.5,1.1
박세웅,Lotte,22,3.31,0,1,26000,124000,1,0,3.89,91.8,66.97,1.039479819,1.085,3.694222,1.34,157.33,28,28,1.61,28,9,5,113,102,20,6,0,1,9,0,1,27,463,1.04,0.196,0.268,0.552,1.61,28,7,5,122,113,33,5,0,0,3,0,4,28,434,1.29,0.292,0.333,0.669,6.67,27,20,20,127,118,43,7,0,3,7,0,2,26,475,1.85,0.364,0.409,0.909,4.5,26,14,13,107,98,26,6,0,2,6,0,0,20,404,1.23,0.265,0.305,0.693,4.26,25.33,17,12,116,107,32,3,3,1,7,1,0,27,444,1.54,0.299,0.342,0.753,4.24,17,8,8,69,68,18,3,0,1,0,0,1,11,261,1.06,0.265,0.275,0.628,9.64,4.67,5,5,20,19,6,1,1,0,0,0,0,6,88,1.29,0.316,0.316,0.79,0,1.33,0,0,5,5,1,1,0,0,0,0,0,1,30,0.75,0.2,0.2,0.6,0,0,0,0,0,0,0,0,0,0,0,0,0,0,0,0,0,0,0
스파크맨,Lotte,22,0.92,1,0,50000,0,0,0,5.31,125.43,86.94,1.033498524,1.085,3.694222,1.65,84.67,19,19,5,18,11,10,79,71,20,4,0,1,7,0,1,25,325,1.5,0.282,0.354,0.734,4,18,10,8,82,72,16,1,0,2,9,0,1,15,310,1.39,0.222,0.317,0.636,4,18,10,8,82,69,20,2,0,0,13,0,0,13,355,1.83,0.29,0.402,0.721,10.67,14.33,17,17,74,63,23,5,1,2,7,0,1,16,282,2.09,0.365,0.431,1.002,3.6,10,4,4,43,35,13,1,0,0,4,1,1,11,167,1.7,0.371,0.439,0.839,4.26,6.33,3,3,25,22,4,1,0,1,3,0,0,9,109,1.11,0.182,0.28,0.644,0,0,0,0,1,1,1,0,0,0,0,0,0,0,4,99.99,1,1,2,0,0,0,0,0,0,0,0,0,0,0,0,0,0,0,0,0,0,0,0,0,0,0,0,0,0,0,0,0,0,0,0,0,0,0,0,0,0
반즈,Lotte,23,5.49,1,1,85000,0,0,0,3.28,75.97,78.92,1.022879587,1.06,3.862461,1.33,170.33,30,30,4.2,30,14,14,131,120,34,8,1,1,9,0,1,22,465,1.43,0.283,0.338,0.73,2.76,29.33,10,9,120,107,29,5,0,2,7,0,3,30,462,1.23,0.271,0.331,0.705,3.18,28.33,11,10,114,103,24,6,0,1,8,0,2,28,461,1.13,0.233,0.298,0.618,4.61,27.33,14,14,122,103,28,5,0,1,12,0,4,19,485,1.46,0.272,0.367,0.717,1.42,25.33,7,4,112,97,21,4,0,1,12,1,1,26,429,1.3,0.216,0.309,0.598,3,21,8,7,95,81,24,3,0,0,7,0,3,15,318,1.48,0.296,0.366,0.699,3,9,3,3,39,37,10,2,0,0,1,0,1,7,134,1.22,0.27,0.308,0.632,99.99,0,1,1,1,1,1,1,0,0,0,0,0,0,3,99.99,1,1,3,0,0,0,0,0,0,0,0,0,0,0,0,0,0,0,0,0,0,0
박세웅,Lotte,23,4.21,0,1,150000,-15000,0,0,3.45,79.96,83.98,1.030452662,1.06,3.862461,1.32,154,27,27,4.67,27,17,14,116,104,25,3,0,3,10,0,2,23,479,1.3,0.24,0.319,0.675,2.33,27,8,7,110,97,22,2,0,1,11,0,1,26,450,1.22,0.227,0.309,0.587,2.39,26.33,10,7,112,102,26,6,0,0,10,0,0,22,446,1.37,0.255,0.321,0.635,3.12,26,12,9,109,98,23,5,0,3,9,0,0,22,412,1.23,0.235,0.299,0.677,3.8,23.67,11,10,109,93,27,5,0,0,12,1,0,15,416,1.65,0.29,0.368,0.712,4.86,16.67,9,9,73,65,19,2,0,1,4,0,1,13,301,1.38,0.292,0.333,0.702,4.26,6.33,3,3,25,22,3,1,0,0,3,0,0,8,117,0.95,0.136,0.24,0.422,0,1,0,0,3,3,0,0,0,0,0,0,0,0,9,0,0,0,0,0,0,0,0,0,0,0,0,0,0,0,0,0,0,0,0,0,0,0
나균안,Lotte,23,3.34,0,1,10900,6100,0,0,3.8,88.07,81.42,1.017438042,1.06,3.862461,1.4,130.33,23,23,1.96,23,5,5,94,84,20,4,1,1,5,0,2,17,351,1.09,0.238,0.293,0.638,2.74,23,9,7,102,89,22,5,0,1,9,0,1,24,417,1.35,0.247,0.314,0.651,6.65,23,20,17,118,100,35,8,0,3,15,1,1,13,409,2.17,0.35,0.436,0.956,2.35,23,6,6,85,80,18,2,1,1,1,0,0,23,335,0.83,0.225,0.226,0.539,5.21,19,12,11,87,78,25,6,0,2,6,0,1,18,354,1.63,0.321,0.376,0.85,6.57,12.33,9,9,55,51,16,2,1,0,3,0,0,11,217,1.54,0.314,0.345,0.737,0,6,0,0,24,21,3,0,0,0,3,0,0,7,107,1,0.143,0.25,0.393,0,1,0,0,4,4,1,0,0,0,0,0,0,1,18,1,0.25,0.25,0.5,0,0,0,0,0,0,0,0,0,0,0,0,0,0,0,0,0,0,0
윌커슨,Lotte,23,2.92,1,1,25000,35000,0,0,2.26,52.39,60.56,1.031745952,1.06,3.862461,1.09,79.67,13,13,0.69,13,1,1,45,42,7,0,0,1,2,0,0,12,182,0.69,0.167,0.205,0.443,0.69,13,4,1,55,51,11,2,0,0,3,0,1,17,211,1.08,0.216,0.273,0.528,0.69,13,5,1,51,49,10,1,1,0,1,0,0,10,202,0.85,0.204,0.22,0.485,3.46,13,5,5,60,56,16,6,0,0,3,0,1,16,246,1.46,0.286,0.333,0.726,4.85,13,8,7,61,52,14,5,1,0,8,0,0,12,242,1.69,0.269,0.367,0.771,3.86,11.67,5,5,44,42,8,1,0,2,2,0,0,11,179,0.86,0.19,0.227,0.584,0,3,0,0,11,8,1,0,0,0,1,0,0,3,34,0.67,0.125,0.222,0.347,0,0,0,0,0,0,0,0,0,0,0,0,0,0,0,0,0,0,0,0,0,0,0,0,0,0,0,0,0,0,0,0,0,0,0,0,0,0
스트레일리,Lotte,23,1.63,1,0,100000,0,0,0,4.37,101.32,101.41,1.026033487,1.06,3.862461,1.48,80.33,16,16,6.75,16,12,12,77,68,22,3,1,1,8,0,0,12,332,1.88,0.324,0.39,0.831,3.38,16,7,6,68,58,13,0,0,3,8,0,2,13,264,1.31,0.224,0.338,0.717,3.94,16,8,7,66,54,11,1,0,2,6,0,3,14,262,1.06,0.204,0.313,0.646,3.21,14,6,5,67,59,18,3,0,0,4,0,2,14,237,1.57,0.305,0.358,0.714,6.94,11.67,10,9,61,51,15,1,0,0,7,0,3,11,255,1.89,0.294,0.41,0.724,0,5.33,0,0,20,17,2,0,0,0,3,0,0,5,91,0.94,0.118,0.25,0.368,0,1.33,0,0,5,4,1,0,0,0,1,0,0,1,24,1.5,0.25,0.4,0.65,0,0,0,0,0,0,0,0,0,0,0,0,0,0,0,0,0,0,0,0,0,0,0,0,0,0,0,0,0,0,0,0,0,0,0,0,0,0
윌커슨,Lotte,24,6.81,1,0,60000,0,0,0,3.84,74.07,70.93,0.995191895,1.014,4.581854,1.21,196.67,32,32,5.06,32,18,18,137,126,35,4,0,6,8,0,0,34,519,1.34,0.278,0.314,0.766,3.38,32,14,12,134,130,36,4,0,2,3,0,0,22,518,1.22,0.277,0.293,0.647,3.09,32,13,11,125,121,29,7,1,2,2,0,1,24,483,0.97,0.24,0.256,0.62,5.06,32,18,18,138,136,42,5,2,4,2,0,0,36,530,1.38,0.309,0.319,0.782,4.6,31.33,17,16,134,126,38,9,0,2,6,0,1,23,510,1.4,0.302,0.338,0.759,2.49,21.67,7,6,87,83,17,4,0,2,3,0,0,16,324,0.92,0.205,0.23,0.555,2.19,12.33,3,3,49,47,12,4,0,0,2,0,0,10,196,1.14,0.255,0.286,0.626,0,2.33,0,0,9,7,1,0,0,0,1,0,0,0,29,0.86,0.143,0.25,0.393,0,1,0,0,3,3,0,0,0,0,0,0,0,2,15,0,0,0,0
반즈,Lotte,24,6.43,1,1,85000,48000,0,0,3.35,64.45,75.05,1.00603199,1.014,4.581854,1.23,150.67,25,25,1.8,25,5,5,100,93,22,3,2,0,4,0,1,34,409,1.04,0.237,0.27,0.582,2.19,24.67,8,6,103,93,17,2,0,2,9,0,1,34,401,1.05,0.183,0.262,0.531,4.5,24,12,12,103,89,24,4,2,2,9,0,2,22,388,1.38,0.27,0.347,0.774,4.56,23.67,12,12,95,87,22,3,0,7,7,0,0,19,355,1.23,0.253,0.309,0.838,1.64,22,4,4,88,79,18,1,0,2,8,0,1,24,327,1.18,0.228,0.307,0.623,4.58,19.67,11,10,85,79,23,1,0,4,6,0,0,24,314,1.47,0.291,0.341,0.797,5.59,9.67,6,6,41,37,11,1,0,1,2,0,0,13,165,1.34,0.297,0.333,0.738,4.5,2,1,1,10,8,3,2,0,0,1,0,0,2,42,2,0.375,0.4,1.025,0,0,0,0,0,0,0,0,0,0,0,0,0,0,0,0,0,0,0
박세웅,Lotte,24,4.06,0,0,150000,-15000,0,0,4.78,92.04,88.15,0.998310621,1.014,4.581854,1.41,173.33,30,30,5.7,30,19,19,139,120,34,5,0,2,16,0,3,16,554,1.67,0.283,0.381,0.756,4.2,30,14,14,127,118,35,11,0,1,7,0,0,28,485,1.4,0.297,0.333,0.748,2.7,30,11,9,123,117,29,3,0,2,4,0,1,18,447,1.1,0.248,0.279,0.604,3.68,29.33,16,12,122,108,26,5,0,3,9,0,2,23,482,1.19,0.241,0.303,0.673,8.03,24.67,23,22,123,105,35,5,0,2,12,0,4,22,494,1.91,0.333,0.418,0.856,5.49,19.67,13,12,86,81,24,3,0,3,4,0,1,11,325,1.42,0.296,0.337,0.781,4.91,7.33,7,4,32,28,5,1,0,0,4,0,0,2,112,1.23,0.179,0.281,0.495,0,2.33,0,0,7,7,0,0,0,0,0,0,0,4,27,0,0,0,0,0,0,0,0,0,0,0,0,0,0,0,0,0,0,0,0,0,0,0
김민우,Hanwha,22,3.36,0,1,19100,3700,0,0,4.36,107.54,113.64,0.986518528,0.953,3.694222,1.39,163,29,29,3.72,29,12,12,129,108,25,8,0,1,18,1,0,18,544,1.48,0.231,0.336,0.669,4.03,29,15,13,131,117,29,5,0,4,12,0,1,23,478,1.41,0.248,0.323,0.716,4.66,29,16,15,131,114,28,7,1,3,16,2,1,18,501,1.52,0.246,0.344,0.748,3.62,27.33,11,11,110,90,18,3,0,2,12,0,4,21,434,1.1,0.2,0.318,0.618,5.47,26.33,16,16,120,96,25,7,0,3,16,2,2,26,465,1.56,0.26,0.374,0.801,5.87,15.33,10,10,67,59,15,8,0,3,7,2,0,19,248,1.43,0.254,0.333,0.875,3.6,5,2,2,19,16,3,2,0,0,3,1,0,4,77,1.2,0.188,0.316,0.629,0,1,0,0,3,3,0,0,0,0,0,0,0,0,6,0,0,0,0,0,0,1,0,0,3,3,0,0,0,0,0,0,2,12,0,0,0,0
페냐,Hanwha,22,1.52,1,1,40000,15000,0,0,3.72,91.82,83.46,0.974286094,0.953,3.694222,1.37,67.67,13,13,0.69,13,3,1,52,47,8,1,1,0,4,0,1,19,216,0.92,0.17,0.25,0.484,6.92,13,10,10,60,49,15,3,0,1,7,0,2,15,238,1.69,0.306,0.414,0.843,1.42,12.67,3,2,53,47,9,0,0,1,4,0,0,10,204,1.03,0.191,0.25,0.505,4.38,12.33,8,6,56,48,13,1,1,2,8,0,0,10,238,1.7,0.271,0.375,0.833,8.1,10,9,9,48,42,15,5,0,0,6,0,0,10,202,2.1,0.357,0.438,0.914,0,5.67,0,0,19,17,1,0,0,0,1,0,1,7,91,0.35,0.059,0.158,0.217,0,0.67,0,0,4,4,2,0,0,0,0,0,0,0,19,3,0.5,0.5,1,0,0,0,0,0,0,0,0,0,0,0,0,0,0,0,0,0,0,0,0,0,0,0,0,0,0,0,0,0,0,0,0,0,0,0,0,0,0
라미레즈,Hanwha,22,1.33,1,0,27500,0,0,0,4.13,101.89,118.39,0.973901577,0.953,3.694222,1.36,65.33,13,13,4.85,13,7,7,56,48,9,1,0,1,7,0,1,9,219,1.23,0.188,0.304,0.575,1.38,13,5,2,50,43,6,1,0,0,6,0,1,7,212,0.92,0.14,0.26,0.423,4.38,12.33,6,6,52,45,11,0,0,1,5,0,1,7,208,1.3,0.244,0.333,0.644,9,11,11,11,57,41,13,1,0,1,12,0,2,8,243,2.27,0.317,0.482,0.897,3,9,3,3,37,32,6,1,0,1,3,0,1,10,158,1,0.188,0.278,0.591,1.5,6,1,1,29,24,6,2,0,0,4,0,1,6,110,1.67,0.25,0.379,0.712,0,1,0,0,4,4,1,0,0,0,0,0,0,0,14,1,0.25,0.25,0.5,0,0,0,0,0,0,0,0,0,0,0,0,0,0,0,0,0,0,0,0,0,0,0,0,0,0,0,0,0,0,0,0,0,0,0,0,0,0
페냐,Hanwha,23,4.28,1,1,55000,10000,0,0,3.6,86.63,97.67,0.970956916,0.987,3.862461,1.37,177.33,32,32,2.53,32,9,9,130,118,23,6,1,2,10,0,2,27,510,1.03,0.195,0.269,0.583,1.69,32,6,6,123,112,19,4,0,4,8,0,2,31,463,0.84,0.17,0.238,0.551,3.94,32,16,14,131,122,30,4,0,3,5,0,2,28,515,1.09,0.246,0.287,0.639,5.93,30.33,23,20,141,120,29,7,1,1,15,0,5,28,519,1.45,0.242,0.35,0.692,4.1,26.33,13,12,112,93,25,5,2,0,9,1,3,20,404,1.29,0.269,0.346,0.712,2.79,19.33,9,6,85,74,17,1,1,1,8,0,2,11,346,1.29,0.23,0.321,0.632,8.44,5.33,7,5,30,24,6,1,0,3,4,0,2,3,134,1.88,0.25,0.4,1.067,0,0,0,0,0,0,0,0,0,0,0,0,0,0,0,0,0,0,0,0,0,0,0,0,0,0,0,0,0,0,0,0,0,0,0,0,0,0
문동주,Hanwha,23,3.08,0,1,3300,6700,0,0,3.72,89.35,87.78,0.98200632,0.987,3.862461,1.31,118.67,23,23,3.13,23,8,8,92,85,21,2,0,1,5,0,1,20,391,1.13,0.247,0.293,0.599,3.13,23,10,8,94,89,23,8,0,1,4,0,0,12,349,1.17,0.258,0.29,0.672,6.55,22,16,16,99,85,20,7,0,1,12,0,2,25,436,1.45,0.235,0.343,0.696,2.57,21,6,6,86,77,18,0,0,2,7,0,1,17,346,1.19,0.234,0.306,0.618,3.31,16.33,7,6,74,67,19,1,1,1,7,0,0,10,299,1.59,0.284,0.351,0.724,4,9,4,4,42,36,10,1,1,0,6,0,0,8,172,1.78,0.278,0.381,0.742,0,3,0,0,9,9,0,0,0,0,0,0,0,3,35,0,0,0,0,6.75,1.33,1,1,7,6,2,1,0,0,1,0,0,0,39,2.25,0.333,0.429,0.929,0,0,0,0,0,0,0,0,0,0,0,0,0,0,0,0,0,0,0
산체스,Hanwha,23,2.59,1,1,40000,10000,0,0,3.79,91.01,94.36,0.990778492,0.987,3.862461,1.3,126,24,24,4.88,24,13,13,103,97,28,3,0,3,4,0,2,16,404,1.33,0.289,0.33,0.742,2.63,24,10,7,96,91,23,8,0,1,5,0,0,19,361,1.17,0.253,0.292,0.666,3.75,24,14,10,106,97,28,4,0,1,6,0,0,16,454,1.42,0.289,0.327,0.688,3.27,22,10,8,93,85,21,3,0,3,5,0,1,17,350,1.18,0.247,0.293,0.681,5.12,19.33,11,11,87,78,23,3,0,4,4,1,3,21,346,1.4,0.295,0.349,0.836,0.96,9.33,1,1,39,35,8,1,0,0,3,1,0,7,141,1.18,0.229,0.289,0.546,11.57,2.33,3,3,12,11,4,1,0,1,1,0,0,1,43,2.14,0.364,0.417,1.144,0,1,0,0,4,4,1,0,0,0,0,0,0,2,26,1,0.25,0.25,0.5,0,0,0,0,0,0,0,0,0,0,0,0,0,0,0,0,0,0,0
김민우,Hanwha,23,-0.28,0,0,22800,-6100,0,0,7.14,167.52,119.02,0.992422489,0.987,3.862461,1.8,51.67,12,12,1.5,12,3,2,49,43,9,3,0,0,5,0,0,12,200,1.17,0.209,0.292,0.571,6.55,11,9,8,50,42,10,1,0,0,7,0,1,12,210,1.55,0.238,0.36,0.622,13.09,11,18,16,60,47,20,3,0,3,9,0,1,8,242,2.64,0.426,0.508,1.189,6.48,8.1,6,6,39,36,12,5,1,1,3,0,0,7,141,1.8,0.333,0.385,0.996,7.71,7,6,6,34,30,9,3,0,1,3,0,0,4,123,1.71,0.3,0.364,0.864,11.57,2.33,3,3,13,12,5,1,1,1,1,0,0,2,52,2.57,0.417,0.462,1.379,0,0,0,0,0,0,0,0,0,0,0,0,0,0,0,0,0,0,0,0,0,0,0,0,0,0,0,0,0,0,0,0,0,0,0,0,0,0,0,0,0,0,0,0,0,0,0,0,0,0,0,0,0,0,0,0,0
류현진,Hanwha,24,4.44,0,1,250000,-50000,1,0,3.87,78.2,75.54,0.982230721,0.978,4.581854,1.36,158.33,28,28,3.21,28,11,10,113,107,29,1,0,1,5,0,0,19,415,1.21,0.271,0.304,0.612,1.29,28,5,4,111,104,23,6,0,0,6,0,1,22,444,1.04,0.221,0.27,0.549,1.93,28,6,6,111,102,22,1,0,1,8,0,1,21,432,1.07,0.216,0.279,0.534,5.06,26.67,20,15,124,116,37,5,0,7,6,0,0,27,484,1.61,0.319,0.35,0.893,9.59,25.33,30,27,128,119,46,8,1,2,7,0,0,26,479,2.09,0.387,0.417,0.938,2.25,16,4,4,63,61,15,0,0,0,0,0,1,12,230,0.94,0.246,0.254,0.5,3.38,5.33,2,2,25,22,9,1,0,1,1,0,0,6,98,1.88,0.409,0.417,1.008,0,1,0,0,4,4,1,0,0,0,0,0,0,2,17,1,0.25,0.25,0.5,0,0,0,0,0,0,0,0,0,0,0,0,0,0,0,0,0,0,0
와이스,Hanwha,24,2.92,1,1,4800,79200,0,0,3.73,75.48,74.98,0.99142173,0.978,4.581854,1.16,91.67,16,16,2.81,16,6,5,72,66,20,1,1,1,4,0,2,15,248,1.5,0.303,0.361,0.755,2.4,15,4,4,57,51,7,4,0,1,5,0,0,13,213,0.8,0.137,0.214,0.489,3,15,5,5,56,51,8,3,0,0,4,0,1,15,202,0.8,0.157,0.232,0.448,6.14,14.67,12,10,63,56,14,1,2,2,5,0,0,17,253,1.3,0.25,0.306,0.752,4.61,13.67,8,7,63,56,14,2,0,3,6,0,0,15,237,1.46,0.25,0.317,0.763,1.5,12,3,2,44,41,6,2,2,0,1,0,0,13,183,0.58,0.146,0.163,0.456,7.71,4.67,4,4,24,20,5,0,0,0,4,0,0,9,104,1.93,0.25,0.375,0.625,13.5,0.67,1,1,5,5,3,0,0,1,0,0,0,1,23,4.5,0.6,0.6,1.8,0,0,0,0,0,0,0,0,0,0,0,0,0,0,0,0,0,0,0
문동주,Hanwha,24,1.77,0,0,10000,0,0,0,5.17,104.67,96.82,0.987612683,0.978,4.581854,1.67,111.33,21,21,9.86,21,24,23,109,97,39,4,1,7,8,0,3,16,418,2.24,0.402,0.459,1.139,1.71,21,5,4,82,77,18,4,1,2,5,0,0,21,324,1.1,0.234,0.28,0.67,6,21,16,14,95,85,30,6,0,2,7,0,1,17,358,1.76,0.353,0.409,0.903,3.66,19.67,10,8,88,78,26,6,0,1,7,0,0,13,330,1.68,0.333,0.384,0.833,4.58,17.67,10,9,82,74,24,2,1,1,8,1,0,16,298,1.81,0.324,0.39,0.809,3,9,3,3,36,33,7,2,0,1,2,0,0,11,136,1,0.212,0.257,0.621,13.5,2,3,3,10,9,4,1,0,0,1,0,0,2,35,2.5,0.444,0.5,1.056,0,0,0,0,0,0,0,0,0,0,0,0,0,0,0,0,0,0,0,0,0,0,0,0,0,0,0,0,0,0,0,0,0,0,0,0,0,0
루친스키,NC,22,5.69,1,1,160000,240000,0,0,2.97,71.97,67.67,1.024110704,1.057,3.694222,1.13,193.67,31,31,3.19,31,14,11,135,128,37,7,0,3,2,0,2,28,489,1.26,0.289,0.308,0.722,2.61,31,11,9,132,123,36,9,0,1,4,0,1,34,463,1.29,0.293,0.315,0.705,3.48,31,15,12,133,129,42,7,0,4,3,0,0,28,462,1.45,0.326,0.338,0.811,2.93,30.67,12,10,114,101,16,5,0,3,9,0,0,31,454,0.82,0.158,0.227,0.524,3.77,28.67,13,12,116,108,23,1,2,2,6,0,2,28,445,1.01,0.213,0.267,0.582,1.38,26,5,4,102,91,16,3,0,0,6,0,2,28,404,0.85,0.176,0.242,0.451,2.63,13.67,4,4,56,52,12,2,0,0,3,1,0,17,229,1.1,0.231,0.273,0.542,10.8,1.67,2,2,9,7,2,0,0,1,1,0,1,0,28,1.8,0.286,0.444,1.158,0,0,0,0,0,0,0,0,0,0,0,0,0,0,0,0,0,0,0
구창모,NC,22,4.79,0,1,19000,41000,1,0,2.1,50.71,73.28,1.023076744,1.057,3.694222,1.08,111.67,19,19,1.89,19,5,4,76,68,16,2,0,0,7,0,0,15,307,1.21,0.235,0.303,0.568,0.95,19,5,2,82,76,19,5,0,1,4,0,1,28,324,1.21,0.25,0.296,0.651,1.89,19,5,4,70,64,11,3,0,2,5,0,0,14,254,0.84,0.172,0.232,0.545,0.47,19,1,1,74,68,12,2,0,0,4,0,1,21,296,0.84,0.176,0.233,0.439,3.32,19,7,7,76,69,17,1,0,2,3,0,2,13,269,1.05,0.246,0.297,0.645,4.73,13.33,7,7,59,53,14,2,0,2,5,0,0,14,248,1.43,0.264,0.328,0.743,2.7,3.33,1,1,14,13,3,1,0,0,1,0,0,3,58,1.2,0.231,0.286,0.594,0,0,0,0,0,0,0,0,0,0,0,0,0,0,0,0,0,0,0,0,0,0,0,0,0,0,0,0,0,0,0,0,0,0,0,0,0,0
페디,NC,23,8.47,1,1,80000,670000,0,0,2,47.99,53.28,0.98914357,0.997,3.862461,0.95,180.33,30,30,2.1,30,7,7,113,106,18,4,0,1,4,0,2,40,485,0.73,0.17,0.212,0.448,1.5,30,7,5,117,110,23,2,0,1,5,0,1,36,473,0.93,0.209,0.25,0.505,2.7,30,10,9,127,117,30,3,0,1,8,0,0,29,498,1.27,0.256,0.304,0.612,2.48,29,8,8,117,110,26,4,0,3,7,0,0,34,482,1.14,0.236,0.282,0.637,0.96,28,6,3,110,101,21,1,0,0,5,0,0,34,455,0.93,0.208,0.241,0.459,1.23,22,3,3,80,75,11,1,0,2,5,0,0,22,333,0.73,0.147,0.2,0.44,4,9,4,4,33,31,4,0,0,1,1,0,1,11,136,0.56,0.129,0.182,0.408,0,2,0,0,8,8,2,0,0,0,0,0,0,3,33,1,0.25,0.25,0.5,27,0.33,1,1,3,3,2,1,0,0,0,0,0,0,9,6,0.667,0.667,1.667
하트,NC,24,6.93,1,1,50000,100000,0,0,2.69,55.74,65.23,0.975677516,0.97,4.581854,1.03,157,26,26,0,26,0,0,95,87,13,2,0,0,7,0,1,29,392,0.77,0.149,0.221,0.393,3.81,26,12,11,112,101,26,2,1,1,8,0,3,34,428,1.31,0.257,0.33,0.657,2.42,26,8,7,97,91,16,1,0,1,4,0,2,29,377,0.77,0.176,0.227,0.447,2.88,25,8,8,99,94,22,1,0,2,4,0,1,22,333,1.04,0.234,0.273,0.582,3.96,25,12,11,105,95,22,4,0,3,6,0,1,27,404,1.12,0.232,0.282,0.65,4.26,19,9,9,84,74,18,2,0,4,6,0,3,23,344,1.26,0.243,0.325,0.757,0.9,10,2,1,40,37,7,4,0,0,3,0,0,19,193,1,0.189,0.25,0.547,0,0,0,0,0,0,0,0,0,0,0,0,0,0,0,0,0,0,0,0,0,0,0,0,0,0,0,0,0,0,0,0,0,0,0,0,0,0
카스타노,NC,24,2.26,1,0,52000,0,0,0,4.35,90.05,89.72,0.981199069,0.97,4.581854,1.27,111.67,19,19,6.63,19,15,14,85,76,25,5,0,1,6,0,2,14,327,1.63,0.329,0.388,0.822,2.37,19,7,5,76,69,15,4,1,1,4,0,2,21,308,1,0.217,0.28,0.628,1.42,19,4,3,78,72,16,5,0,2,5,0,0,14,282,1.11,0.222,0.273,0.648,1.89,19,6,4,74,70,15,2,1,1,2,0,0,16,297,0.89,0.214,0.233,0.547,9.92,16.33,19,18,78,69,25,0,2,2,3,0,3,11,254,1.71,0.362,0.403,0.91,4.85,13,8,7,57,53,15,6,0,1,3,0,0,10,203,1.38,0.283,0.316,0.769,3.38,5.33,5,2,24,22,5,1,0,2,2,0,0,3,97,1.31,0.227,0.292,0.837,9,1,1,1,4,4,1,0,0,1,0,0,0,0,15,1,0.25,0.25,1.25,0,0,0,0,0,0,0,0,0,0,0,0,0,0,0,0,0,0,0
이재학,NC,24,1.45,0,0,20000,-2000,0,0,5.52,114.22,108.93,0.965976229,0.97,4.581854,1.44,104.33,21,21,5.57,21,14,13,95,83,22,5,2,5,9,0,1,19,403,1.48,0.265,0.344,0.898,3.86,21,11,9,86,77,16,6,1,2,6,0,0,22,341,1.05,0.208,0.259,0.649,5.68,19,12,12,79,68,14,4,0,3,9,0,1,25,339,1.21,0.206,0.308,0.705,4.91,18.33,10,10,77,68,19,4,0,3,7,0,0,16,300,1.42,0.279,0.347,0.818,10.05,14.33,17,16,83,69,27,4,0,3,10,0,2,8,281,2.58,0.391,0.481,1.061,3.38,8,3,3,30,30,6,3,0,0,0,0,0,5,100,0.75,0.2,0.2,0.5,3.38,2.67,1,1,12,11,4,1,0,1,1,0,0,2,50,1.88,0.364,0.417,1.144,0,0,0,0,0,0,0,0,0,0,0,0,0,0,0,0,0,0,0,0,0,0,0,0,0,0,0,0,0,0,0,0,0,0,0,0,0,0
안우진,Kiwom,22,8.64,0,1,15000,20000,0,0,2.11,53.25,52.62,0.966226582,0.943,3.694222,0.95,196,30,30,0,30,0,0,98,95,9,2,0,0,3,0,0,30,358,0.4,0.095,0.122,0.238,2.1,30,8,7,119,104,19,6,0,0,11,0,2,33,458,1,0.183,0.271,0.511,4.8,30,16,16,135,112,26,10,0,1,18,0,0,35,548,1.47,0.232,0.331,0.679,2.1,30,7,7,117,111,26,3,1,3,4,0,2,24,440,1,0.234,0.274,0.634,1.5,30,7,5,118,109,18,7,2,0,9,0,0,40,508,0.9,0.165,0.229,0.495,2.73,26.33,8,8,100,94,17,5,1,0,6,0,0,37,403,0.87,0.181,0.23,0.485,1.2,15,4,2,57,53,10,3,0,0,2,0,0,22,205,0.8,0.189,0.218,0.463,2.25,4,1,1,22,20,6,0,0,0,2,1,0,4,82,2,0.3,0.364,0.664,0,0.33,0,0,1,1,0,0,0,0,0,0,0,1,4,0,0,0,0
요키시,Kiwom,22,6.47,1,1,90000,30000,0,0,2.57,64.88,72,0.962747801,0.943,3.694222,1.09,185.33,30,30,3,30,11,10,125,115,31,8,0,0,6,0,2,21,485,1.23,0.27,0.317,0.656,2.1,30,7,7,121,113,28,2,2,0,6,0,0,27,485,1.13,0.248,0.286,0.587,1.21,29.67,7,4,109,101,20,4,1,1,4,0,0,28,428,0.81,0.198,0.229,0.516,2.7,30,11,9,121,114,29,5,0,2,3,0,2,23,458,1.07,0.254,0.286,0.637,2.79,29,11,9,120,114,27,6,0,0,4,0,1,28,463,1.07,0.237,0.269,0.558,2.28,23.67,6,6,96,89,23,4,0,2,5,0,0,19,376,1.18,0.258,0.295,0.666,5.91,10.67,7,7,45,41,10,2,0,3,4,0,0,8,178,1.31,0.244,0.311,0.823,0,1.67,0,0,7,6,1,0,0,0,1,0,0,0,33,1.2,0.167,0.286,0.453,0,0,0,0,0,0,0,0,0,0,0,0,0,0,0,0,0,0,0
정찬헌,Kiwom,22,0.58,0,0,28000,-18000,1,0,5.36,135.09,140.16,0.979187679,0.943,3.694222,1.53,87.33,20,20,3.6,20,9,8,85,77,24,3,0,2,5,0,1,7,307,1.45,0.312,0.353,0.782,5.4,20,12,12,91,83,26,5,0,2,6,0,0,10,332,1.6,0.313,0.356,0.802,5.09,17.67,11,10,84,75,23,5,0,4,6,1,3,8,293,1.64,0.307,0.381,0.914,8.1,13.33,13,12,63,56,17,5,0,2,5,1,1,11,240,1.65,0.304,0.365,0.865,4.5,10,5,5,38,36,8,1,0,3,1,0,1,5,121,0.9,0.222,0.263,0.763,7.11,6.33,5,5,28,24,8,2,0,0,4,0,0,1,97,1.89,0.333,0.429,0.846,0,0,0,0,1,0,0,0,0,0,1,0,0,0,5,99.99,0,1,0,0,0,0,0,0,0,0,0,0,0,0,0,0,0,0,0,0,0,0,0,0,0,0,0,0,0,0,0,0,0,0,0,0,0,0,0,0,0
안우진,Kiwom,23,6.61,0,0,35000,0,0,0,2.39,58.79,57.22,1.005519679,0.969,3.862461,1.06,150.67,24,24,1.88,24,5,5,96,90,20,4,0,0,4,0,0,28,370,1,0.222,0.25,0.517,1.88,24,7,5,104,89,19,4,0,1,13,0,0,31,412,1.33,0.213,0.308,0.6,2.63,24,7,7,92,88,17,3,0,1,4,0,0,25,361,0.88,0.193,0.228,0.489,1.5,24,4,4,95,85,17,3,0,0,7,0,1,27,386,1,0.2,0.266,0.501,1.13,24,3,3,92,87,17,6,0,0,3,0,0,24,341,0.83,0.195,0.222,0.486,2.7,20,8,6,77,75,16,3,0,2,2,0,0,18,280,0.9,0.213,0.234,0.567,9.72,8.33,9,9,41,34,12,1,1,1,4,1,0,7,152,1.92,0.353,0.41,0.939,3.86,2.33,1,1,11,10,3,1,0,0,1,0,0,4,40,1.71,0.3,0.364,0.764,0,0,0,0,0,0,0,0,0,0,0,0,0,0,0,0,0,0,0
후라도,Kiwom,23,6.61,1,1,85000,35000,0,0,2.65,65.11,77.41,1.008966407,0.969,3.862461,1.12,183.67,30,30,3,30,14,10,133,119,28,3,0,0,10,0,2,26,483,1.27,0.235,0.301,0.562,1.5,30,6,5,118,104,18,1,0,1,10,0,2,27,466,0.93,0.173,0.256,0.468,1.8,30,8,6,122,117,29,3,0,1,4,0,1,22,467,1.1,0.248,0.279,0.578,2.1,30,8,7,120,110,23,4,0,0,7,0,2,27,408,1,0.209,0.269,0.514,3,30,11,10,130,118,32,4,0,2,6,0,1,19,460,1.27,0.271,0.305,0.661,4.03,22.33,10,10,93,89,21,1,0,3,3,0,1,17,354,1.07,0.236,0.269,0.617,5.4,8.33,5,5,35,33,11,3,0,0,0,0,0,8,118,1.32,0.333,0.314,0.738,3.86,2.33,1,1,8,8,1,0,0,0,0,0,0,1,26,0.43,0.125,0.125,0.25,0,0,0,0,0,0,0,0,0,0,0,0,0,0,0,0,0,0,0
최원태,Kiwom,23,3.33,0,1,35000,5000,0,0,4.3,106.74,93.2,0.982803914,0.969,3.862461,1.33,146.67,26,26,3.46,26,10,10,105,98,22,1,1,2,6,0,0,20,377,1.08,0.224,0.267,0.583,3.81,26,11,11,110,102,31,4,0,2,3,0,1,18,395,1.31,0.304,0.324,0.726,5.61,25.67,18,16,116,95,27,4,0,1,13,0,1,21,444,1.56,0.284,0.369,0.727,8.63,24,24,23,120,103,34,4,0,5,13,0,2,15,462,1.96,0.33,0.412,0.927,2.49,21.67,6,6,82,77,17,1,0,1,4,1,0,19,300,0.97,0.221,0.259,0.532,1.69,16,3,3,71,61,15,3,0,0,6,1,2,19,260,1.31,0.246,0.329,0.624,1.42,6.33,1,1,25,23,3,0,0,1,1,0,1,6,109,0.63,0.13,0.2,0.461,0,1,0,0,3,3,0,0,0,0,0,0,0,0,5,0,0,0,0,0,0,0,0,0,0,0,0,0,0,0,0,0,0,0,0,0,0,0
정찬헌,Kiwom,23,0.95,0,1,10000,10000,0,0,4.75,116.88,95.91,0.997430972,0.969,3.862461,1.17,72,14,14,5.79,14,9,9,59,54,14,5,0,0,4,0,0,9,231,1.29,0.259,0.305,0.657,8.36,14,14,13,66,59,18,2,1,1,3,0,1,5,227,1.5,0.305,0.333,0.757,4.5,14,7,7,59,56,16,2,1,1,2,0,0,5,209,1.29,0.286,0.31,0.721,5.11,12.33,8,7,50,48,14,1,1,2,1,0,1,8,183,1.22,0.292,0.32,0.799,2.08,8.67,2,2,28,25,2,0,0,0,1,0,0,4,108,0.35,0.08,0.111,0.191,0,8,0,0,30,27,6,2,0,0,2,1,0,4,93,1,0.222,0.276,0.572,0,1,0,0,4,4,1,0,0,0,0,0,0,1,15,1,0.25,0.25,0.5,0,0,0,0,0,0,0,0,0,0,0,0,0,0,0,0,0,0,0,0,0,0,0,0,0,0,0,0,0,0,0,0,0,0,0,0,0,0
요키시,Kiwom,23,0.83,1,0,120000,0,0,0,4.39,107.92,80.07,1.006203441,0.969,3.862461,1.46,65.67,12,12,10.5,12,14,14,61,58,25,5,0,0,2,0,1,9,226,2.25,0.431,0.459,0.976,2.25,12,6,3,58,50,16,3,1,0,7,0,0,10,232,1.92,0.32,0.397,0.817,3,12,6,4,51,46,14,0,0,1,3,0,1,5,191,1.42,0.304,0.353,0.723,3.27,11,4,4,41,39,10,1,0,1,0,0,0,9,168,0.91,0.256,0.25,0.609,2.53,10.67,3,3,42,41,10,3,0,0,0,0,1,9,160,0.94,0.244,0.262,0.579,4.5,6,3,3,26,24,6,2,0,0,2,1,0,6,96,1.33,0.25,0.308,0.641,4.5,2,1,1,7,7,1,0,0,1,0,0,0,3,27,0.5,0.143,0.143,0.714,0,0,0,0,0,0,0,0,0,0,0,0,0,0,0,0,0,0,0,0,0,0,0,0,0,0,0,0,0,0,0,0,0,0,0,0,0,0
맥키니,Kiwom,23,-0.16,1,0,10000,0,0,0,6.52,160.49,151.2,0.99044716,0.969,3.862461,1.63,59.33,12,12,6.75,12,9,9,56,50,16,4,0,1,6,0,0,5,231,1.83,0.32,0.393,0.853,3.75,12,8,5,56,47,12,3,0,2,8,0,1,9,204,1.67,0.255,0.375,0.822,9,12,12,12,53,46,14,1,0,5,6,0,0,9,215,1.67,0.304,0.377,1.029,7.15,11.33,9,9,53,42,11,5,1,0,9,0,0,4,224,1.76,0.262,0.377,0.806,7.71,7,6,6,30,24,5,1,0,1,5,0,0,8,135,1.43,0.208,0.345,0.72,4.5,4,2,2,16,15,3,0,0,1,1,0,0,3,63,1,0.2,0.25,0.65,0,1,0,0,4,3,0,0,0,0,1,0,0,1,17,1,0,0.25,0.25,0,0,0,0,0,0,0,0,0,0,0,0,0,0,0,0,0,0,0,0,0,0,0,0,0,0,0,0,0,0,0,0,0,0,0,0,0,0
후라도,Kiwom,24,6.61,1,1,120000,-22000,0,0,3.36,71.44,82.93,0.952899858,0.905,4.581854,1.14,190.33,30,30,4.2,30,17,14,130,120,34,7,1,1,5,0,3,24,526,1.3,0.283,0.326,0.709,3.9,30,14,13,126,119,33,3,0,5,3,0,2,38,490,1.2,0.277,0.304,0.733,1.8,30,7,6,117,110,25,2,1,3,6,0,0,25,438,1.03,0.227,0.265,0.61,3,30,11,10,124,117,31,6,0,3,5,0,0,26,419,1.2,0.265,0.293,0.686,2.2,28.67,8,7,117,108,22,2,1,3,8,0,1,29,416,1.05,0.204,0.265,0.589,5,27,15,15,111,105,28,7,0,3,4,0,2,18,392,1.19,0.267,0.306,0.725,2.03,13.33,3,3,47,42,8,0,0,1,1,0,1,10,191,0.68,0.19,0.227,0.489,20.25,1.33,3,3,8,7,4,0,1,0,0,0,0,0,25,3,0.571,0.571,1.428,0,0,0,0,0,0,0,0,0,0,0,0,0,0,0,0,0,0,0
헤이수스,Kiwom,24,5.09,1,1,60000,52000,0,0,3.68,78.24,88.88,0.931767116,0.905,4.581854,1.25,171.33,30,30,2.7,30,12,9,123,111,24,5,0,4,8,0,4,39,480,1.07,0.216,0.293,0.662,2.4,30,9,8,121,107,25,8,0,2,11,0,1,31,494,1.2,0.234,0.308,0.672,2.4,30,8,8,124,114,26,2,0,3,6,0,2,28,470,1.07,0.228,0.276,0.601,2.45,29.33,9,8,126,117,31,2,0,3,5,0,3,32,517,1.23,0.265,0.31,0.669,8,27,27,24,128,117,38,9,1,7,7,0,4,27,460,1.67,0.325,0.383,0.981,4.29,21,10,10,89,82,22,4,1,2,6,1,0,19,349,1.33,0.268,0.318,0.733,6.75,4,3,3,17,16,5,1,0,1,1,0,0,2,62,1.5,0.313,0.353,0.916,0,0,0,0,0,0,0,0,0,0,0,0,0,0,0,0,0,0,0,0,0,0,0,0,0,0,0,0,0,0,0,0,0,0,0,0,0,0
하영민,Kiwom,24,3.25,0,1,8000,8500,0,0,4.37,92.99,96.27,0.941393268,0.905,4.581854,1.5,150.33,28,28,4.5,28,15,14,121,108,30,6,2,2,11,0,0,20,483,1.46,0.278,0.339,0.765,3.21,28,10,10,117,107,25,4,0,1,9,0,1,23,458,1.21,0.234,0.299,0.598,4.5,28,18,14,130,116,36,5,1,2,14,0,0,17,498,1.79,0.31,0.385,0.807,4.33,27,14,13,120,108,31,8,2,2,8,0,1,18,437,1.44,0.287,0.336,0.79,3.2,25.33,10,9,112,97,25,4,0,1,9,0,3,13,402,1.34,0.258,0.33,0.66,10.03,11.67,15,13,62,55,19,4,1,0,7,0,0,9,237,2.23,0.345,0.419,0.874,0,2,0,0,7,6,1,1,0,0,0,0,0,1,17,0.5,0.167,0.167,0.5,0,0.33,0,0,2,2,1,1,0,0,0,0,0,0,7,3,0.5,0.5,1.5,0,0,0,0,0,0,0,0,0,0,0,0,0,0,0,0,0,0,0
브룩스,KIA,20,7.18,1,1,47900,52100,0,0,2.5,51.86,56.37,1.008291086,1.039,4.389902,1.02,151.33,23,23,2.74,23,7,7,86,82,23,1,0,0,3,0,0,19,340,1.13,0.28,0.306,0.599,2.35,23,6,6,90,82,20,5,0,0,6,0,0,19,342,1.13,0.244,0.295,0.6,2.74,23,7,7,86,79,15,2,0,0,2,0,2,18,318,0.74,0.19,0.224,0.439,2.74,23,7,7,92,87,19,2,0,2,5,0,0,25,361,1.04,0.218,0.261,0.571,1.57,23,4,4,85,82,16,4,0,1,3,0,0,21,319,0.83,0.195,0.224,0.504,1.77,20.33,4,4,81,76,17,1,0,1,3,0,1,17,313,0.98,0.224,0.263,0.539,5.56,11.33,7,7,50,48,18,3,0,0,1,0,0,11,183,1.68,0.375,0.38,0.818,0,4.67,0,0,17,16,3,0,0,0,1,0,0,1,46,0.86,0.188,0.235,0.423,0,0,0,0,0,0,0,0,0,0,0,0,0,0,0,0,0,0,0
양현종,KIA,20,3.9,0,1,230000,-100000,0,0,4.7,97.58,82.47,1.011775083,1.039,4.389902,1.42,172.33,31,31,3.48,31,15,12,131,122,31,11,0,2,8,0,0,27,517,1.26,0.254,0.298,0.691,2.61,31,11,9,124,113,24,2,1,2,6,0,2,35,510,0.97,0.212,0.264,0.565,4.06,31,15,14,137,116,27,6,2,1,19,0,0,29,567,1.48,0.233,0.341,0.686,5.52,29.33,20,18,129,113,34,6,0,2,10,0,1,20,482,1.5,0.301,0.357,0.764,5.93,27.33,18,18,116,106,32,7,0,3,9,0,1,23,449,1.5,0.302,0.362,0.815,7.27,17.33,15,14,84,76,25,8,1,3,7,0,1,15,329,1.85,0.329,0.393,0.972,9,4,4,4,19,15,5,0,0,0,4,0,0,0,70,2.25,0.333,0.474,0.807,6.75,1.33,1,1,7,5,2,0,0,0,1,0,0,1,29,2.25,0.4,0.5,0.9,0,0,0,0,0,0,0,0,0,0,0,0,0,0,0,0,0,0,0
가뇽,KIA,20,3.83,1,0,65000,0,0,0,4.34,90.11,77.36,0.998699818,1.039,4.389902,1.42,159.67,28,28,7.07,28,23,22,130,117,38,9,2,1,10,0,0,23,514,1.71,0.325,0.369,0.831,2.6,27.67,9,8,116,107,26,3,2,2,8,0,0,27,438,1.23,0.243,0.296,0.66,4.5,28,16,14,122,98,22,4,0,2,14,0,3,20,492,1.29,0.224,0.331,0.658,3.54,28,12,11,125,107,31,5,3,1,12,0,3,32,523,1.54,0.29,0.371,0.792,4.74,24.67,14,13,108,97,25,8,0,0,7,0,3,21,430,1.3,0.258,0.324,0.664,3.24,16.67,7,6,70,60,12,3,0,1,10,0,0,10,282,1.32,0.2,0.314,0.614,4.26,6.33,4,3,30,26,7,1,1,0,3,0,0,8,124,1.58,0.269,0.333,0.718,0,0,0,0,0,0,0,0,0,0,0,0,0,0,0,0,0,0,0,0,0,0,0,0,0,0,0,0,0,0,0,0,0,0,0,0,0,0
임기영,KIA,20,2.42,0,1,7000,3000,0,0,5.15,106.84,84.24,1.021684577,1.039,4.389902,1.45,127.67,25,25,7.92,25,22,22,123,111,42,6,1,5,7,0,2,21,524,1.96,0.378,0.418,1.004,5.4,25,15,15,105,96,30,5,2,1,6,0,1,21,418,1.44,0.313,0.352,0.79,3.86,23.33,10,10,97,90,22,7,0,2,4,0,3,22,400,1.11,0.244,0.299,0.688,3.18,22.67,10,8,95,85,23,3,0,1,6,0,1,12,345,1.28,0.271,0.319,0.66,4.82,18.67,11,10,84,76,21,4,0,1,5,0,2,18,322,1.39,0.276,0.337,0.705,6.1,10.33,7,7,45,41,12,1,0,2,3,0,0,11,169,1.45,0.293,0.341,0.804,0,1.67,0,0,7,6,2,0,0,0,1,0,0,1,33,1.8,0.333,0.429,0.762,0,1,0,0,3,3,0,0,0,0,0,0,0,1,14,0,0,0,0,0,0,0,0,0,0,0,0,0,0,0,0,0,0,0,0,0,0,0
이민우,KIA,20,-0.01,0,1,4300,1700,0,0,6.79,141.01,107.95,0.996417642,1.039,4.389902,1.66,106,22,22,7.06,21.67,20,17,102,84,24,2,0,0,14,0,1,15,424,1.75,0.286,0.382,0.692,5.4,20,12,12,90,78,23,3,0,2,10,0,1,14,333,1.65,0.295,0.378,0.788,10.71,19.33,23,23,97,88,36,5,4,6,7,0,1,9,361,2.22,0.409,0.454,1.215,5.94,16.67,12,11,72,65,20,3,0,1,3,0,0,11,255,1.38,0.308,0.333,0.733,6.32,15.67,13,11,75,63,19,4,0,2,7,0,3,11,273,1.66,0.302,0.392,0.852,2.08,8.67,3,2,34,28,3,1,0,0,5,0,0,5,119,0.92,0.107,0.235,0.378,10.8,3.33,4,4,14,13,4,2,0,0,1,0,0,1,59,1.5,0.308,0.357,0.819,0,0,0,0,0,0,0,0,0,0,0,0,0,0,0,0,0,0,0,0,0,0,0,0,0,0,0,0,0,0,0,0,0,0,0,0,0,0
멩덴,KIA,21,3.28,1,0,42500,0,0,0,3.6,81.01,87.78,1.006244667,1.023,4.249886,1.2,120,21,21,2.57,21,7,6,81,74,12,2,1,2,7,0,0,22,347,0.9,0.162,0.235,0.532,2.14,21,5,5,77,72,13,5,0,1,3,0,1,25,315,0.76,0.181,0.224,0.516,2.57,21,6,6,91,80,18,2,0,1,7,0,3,17,346,1.19,0.225,0.311,0.599,4.29,21,10,10,92,81,24,5,0,3,7,0,1,11,355,1.48,0.296,0.348,0.817,4.12,19.67,11,9,86,75,22,2,0,2,7,0,1,16,310,1.47,0.293,0.349,0.749,6.57,12.33,10,9,59,53,17,2,1,2,3,0,2,8,242,1.62,0.321,0.379,0.888,7.36,3.67,3,3,15,14,3,0,0,1,1,0,0,5,60,1.09,0.214,0.267,0.696,0,0.33,0,0,1,1,0,0,0,0,0,0,0,0,2,0,0,0,0,0,0,0,0,0,0,0,0,0,0,0,0,0,0,0,0,0,0,0
임기영,KIA,21,3.17,0,1,10000,4000,0,0,4.88,109.86,89.12,1.012601699,1.023,4.249886,1.31,153,28,28,5.79,28,19,18,128,116,35,9,0,3,8,0,2,21,475,1.54,0.302,0.352,0.809,3.58,27.67,12,11,113,99,18,8,0,1,11,0,1,27,472,1.05,0.182,0.27,0.563,5.33,27,16,16,117,104,28,4,0,4,8,0,2,26,447,1.33,0.269,0.328,0.751,7.52,26.33,22,22,123,112,37,5,1,4,7,0,2,23,466,1.67,0.33,0.377,0.877,3.47,23.33,9,9,98,86,20,3,0,1,6,0,4,17,379,1.11,0.233,0.309,0.611,1.23,14.67,2,2,58,53,11,0,0,0,3,0,0,11,193,0.95,0.208,0.246,0.454,7.5,6,5,5,25,22,6,0,0,2,2,0,0,4,90,1.33,0.273,0.32,0.865,0,0,0,0,0,0,0,0,0,0,0,0,0,0,0,0,0,0,0,0,0,0,0,0,0,0,0,0,0,0,0,0,0,0,0,0,0,0
이의리,KIA,21,2.76,0,1,3000,6000,0,0,3.61,81.29,89.21,1.007336749,1.023,4.249886,1.32,94.67,19,19,3.79,19,8,8,81,67,11,2,0,1,13,0,1,19,357,1.26,0.164,0.309,0.548,1.89,19,7,4,73,64,7,0,0,1,6,0,1,26,298,0.68,0.109,0.194,0.35,2.37,19,6,5,82,69,15,1,0,2,11,0,0,19,329,1.37,0.217,0.321,0.64,4.76,17,9,9,78,64,19,5,0,0,13,0,0,13,334,1.88,0.297,0.41,0.785,4.61,13.67,7,7,60,49,11,2,0,0,8,0,0,12,208,1.39,0.224,0.328,0.593,2.84,6.33,2,2,24,22,4,1,0,1,2,0,0,5,93,0.95,0.182,0.25,0.614,40.5,0.67,3,3,7,4,2,0,0,1,3,0,0,0,29,7.5,0.5,0.714,1.964,0,0,0,0,0,0,0,0,0,0,0,0,0,0,0,0,0,0,0,0,0,0,0,0,0,0,0,0,0,0,0,0,0,0,0,0,0,0
브룩스,KIA,21,2.27,1,0,100000,0,0,0,3.35,75.3,74.03,0.989911026,1.023,4.249886,1.4,78,13,13,4.85,13,8,7,57,52,13,4,0,0,4,0,0,7,209,1.31,0.25,0.298,0.625,2.08,13,3,3,53,49,13,0,0,1,4,0,0,10,200,1.31,0.265,0.321,0.648,1.38,13,3,2,48,46,12,1,0,1,0,0,1,10,179,0.92,0.261,0.271,0.619,3.46,13,6,5,59,55,19,3,0,1,3,0,0,8,229,1.69,0.345,0.379,0.834,6.35,11.33,8,8,53,50,16,3,1,0,3,0,0,10,185,1.68,0.32,0.358,0.778,0,10,2,0,39,39,12,0,0,0,0,0,0,6,131,1.2,0.308,0.308,0.616,4.15,4.33,2,2,21,19,6,1,0,1,2,0,0,4,80,1.85,0.316,0.381,0.907,54,0.33,2,2,3,2,2,0,0,0,0,0,0,0,6,6,1,1,2,0,0,0,0,0,0,0,0,0,0,0,0,0,0,0,0,0,0,0
뷰캐넌,Samsung,20,6.7,1,1,60000,30000,0,0,3.45,67.64,85.52,1.010276922,1.033,4.389902,1.27,174.67,27,27,4,27,14,12,117,102,22,3,0,4,12,0,2,21,483,1.26,0.216,0.308,0.671,4,27,12,12,103,94,23,1,2,2,7,0,0,20,399,1.11,0.245,0.291,0.653,4,27,12,12,114,105,29,4,0,2,7,0,1,18,441,1.33,0.276,0.327,0.698,3.33,27,10,10,120,105,36,4,0,2,9,0,1,12,425,1.67,0.343,0.397,0.835,3.04,26.67,11,9,113,105,29,3,0,3,7,0,1,19,435,1.35,0.276,0.327,0.717,2.78,22.67,7,7,88,83,17,2,0,1,4,0,1,14,332,0.93,0.205,0.25,0.515,3.38,13.33,5,5,58,51,14,1,0,2,4,0,1,12,250,1.35,0.275,0.339,0.751,0,3,0,0,12,11,2,1,0,0,0,0,0,4,44,0.67,0.182,0.182,0.455,0,1,0,0,3,3,0,0,0,0,0,0,0,1,10,0,0,0,0
최채흥,Samsung,20,4.85,0,1,7500,8500,0,0,3.58,70.05,80.3,1.014753562,1.033,4.389902,1.25,146,26,26,5.54,26,16,16,110,99,25,5,1,4,8,0,0,22,464,1.27,0.253,0.3,0.744,3.81,26,13,11,119,100,24,2,0,1,14,0,5,21,469,1.46,0.24,0.361,0.651,5.47,24.67,15,15,104,92,23,6,0,2,10,0,0,26,419,1.34,0.25,0.32,0.7,1.88,24,7,5,95,90,21,6,0,2,5,0,0,19,387,1.08,0.233,0.274,0.641,1.69,21.33,4,4,88,80,18,6,0,0,6,0,1,16,387,1.13,0.225,0.287,0.587,3.77,14.33,6,6,58,53,12,1,0,2,5,0,0,9,228,1.19,0.226,0.293,0.651,1.35,6.67,3,1,30,28,6,1,0,1,1,0,1,6,111,1.05,0.214,0.267,0.624,0,2,0,0,10,8,2,0,0,0,2,0,0,2,43,2,0.25,0.4,0.65,0,0,0,0,0,0,0,0,0,0,0,0,0,0,0,0,0,0,0
라이블리,Samsung,20,3.19,1,1,50000,0,0,0,4.26,83.44,87.28,0.993408393,1.033,4.389902,1.22,112,21,21,5.75,20.33,14,13,93,80,21,5,0,1,11,0,1,23,387,1.57,0.263,0.355,0.718,5.68,19,12,12,77,66,12,3,1,3,8,0,2,15,314,1.05,0.182,0.286,0.68,4.26,19,9,9,91,80,21,1,0,4,5,0,5,14,354,1.37,0.263,0.341,0.766,1.42,19,3,3,69,64,11,0,0,2,2,0,2,21,322,0.68,0.172,0.217,0.483,4.58,17.67,9,9,76,67,18,3,0,1,6,0,1,11,323,1.36,0.269,0.333,0.691,5.73,11,7,7,50,44,13,4,0,0,5,0,0,11,210,1.64,0.295,0.367,0.753,0,5,0,0,17,16,2,0,0,0,1,0,0,0,56,0.6,0.125,0.176,0.301,0,1,0,0,3,3,0,0,0,0,0,0,0,0,9,0,0,0,0,0,0,0,0,0,0,0,0,0,0,0,0,0,0,0,0,0,0,0
백정현,Samsung,21,6.2,0,1,25500,44500,1,0,2.63,56.27,90.7,1.015848671,1.043,4.249886,1.24,157.67,27,27,2.7,26.67,8,8,116,99,27,6,0,3,16,0,0,13,470,1.61,0.273,0.374,0.798,1.67,27,8,5,104,94,19,4,1,2,7,0,1,22,415,0.96,0.202,0.262,0.592,3,27,9,9,108,98,22,6,0,1,7,0,0,18,421,1.07,0.224,0.271,0.587,3.33,27,10,10,112,106,29,2,0,4,6,0,0,21,436,1.3,0.274,0.313,0.719,3.55,25.33,14,10,107,98,25,2,0,5,8,0,0,21,424,1.3,0.255,0.311,0.74,1.65,16.33,3,3,64,57,12,3,0,0,5,1,1,12,226,1.04,0.211,0.281,0.544,0,7,0,0,30,25,6,1,0,0,4,1,0,2,91,1.43,0.24,0.345,0.625,9,1,1,1,6,5,2,1,0,0,1,0,0,0,17,3,0.4,0.5,1.1,0,0,0,0,0,0,0,0,0,0,0,0,0,0,0,0,0,0,0
원태인,Samsung,21,6.01,0,1,13000,17000,0,0,3.06,65.64,78.3,1.029233693,1.043,4.249886,1.25,158.67,26,26,3.46,26,11,10,104,94,26,4,0,2,6,0,1,17,411,1.23,0.277,0.32,0.703,2.42,26,7,7,107,92,19,5,0,1,12,0,2,24,403,1.19,0.207,0.311,0.604,1.38,26,5,4,110,94,19,5,0,0,14,1,1,22,473,1.27,0.202,0.312,0.567,2.77,26,8,8,106,99,23,4,0,2,6,0,0,21,394,1.12,0.232,0.276,0.609,3.55,25.33,13,10,105,95,24,8,1,2,7,0,1,19,388,1.22,0.253,0.311,0.732,4.91,18.33,10,10,76,72,22,3,0,3,4,0,0,14,271,1.42,0.306,0.342,0.814,4.22,10.67,5,5,45,43,13,3,0,1,2,0,0,12,173,1.41,0.302,0.333,0.775,0,0.33,0,0,2,2,1,0,0,0,0,0,0,0,9,3,0.5,0.5,1,0,0,0,0,0,0,0,0,0,0,0,0,0,0,0,0,0,0,0
뷰캐넌,Samsung,21,5.76,1,1,90000,20000,0,0,3.1,66.47,72.57,1.008598644,1.043,4.249886,1.31,177,30,30,5.4,30,18,18,135,112,27,3,1,4,20,0,1,31,593,1.57,0.241,0.356,0.749,4.8,30,17,16,134,121,35,7,0,4,10,1,1,31,520,1.5,0.289,0.348,0.794,0.61,29.67,8,2,130,121,30,4,0,1,8,0,0,22,489,1.28,0.248,0.295,0.601,1.3,27.67,5,4,110,107,24,2,0,0,2,0,0,25,402,0.94,0.224,0.236,0.479,0.67,27,3,2,104,100,21,2,1,0,4,0,0,26,410,0.93,0.21,0.24,0.49,5.16,22.67,13,13,103,91,23,6,2,1,12,1,0,22,393,1.54,0.253,0.34,0.736,7.36,7.33,6,6,35,32,13,1,0,3,3,0,0,3,141,2.18,0.406,0.457,1.176,0,1,0,0,3,3,0,0,0,0,0,0,0,1,9,0,0,0,0,0,1,0,0,3,3,0,0,0,0,0,0,0,1,8,0,0,0,0
켈리,LG,20,5.84,1,1,90000,-20000,0,0,3.32,74.41,91.2,0.949533029,0.932,4.389902,1.15,173.33,28,28,5.79,28,19,18,119,115,31,4,1,3,4,0,0,24,432,1.25,0.27,0.294,0.694,5.14,28,17,16,121,110,33,5,0,7,7,0,2,23,428,1.43,0.3,0.347,0.883,3.33,27,10,10,110,100,27,4,0,2,6,0,2,16,398,1.22,0.27,0.318,0.688,2.33,27,7,7,107,99,23,7,0,0,5,0,3,20,403,1.04,0.232,0.29,0.593,1.33,27,4,4,97,87,13,1,0,1,7,0,2,26,380,0.74,0.149,0.229,0.424,2.88,25,8,8,104,97,24,5,0,3,7,0,0,18,409,1.24,0.247,0.298,0.69,0.96,9.33,2,1,39,33,9,3,0,0,3,0,1,6,141,1.29,0.273,0.351,0.715,0,1,0,0,3,3,0,0,0,0,0,0,0,0,11,0,0,0,0,0,1,0,0,5,3,0,0,0,0,1,0,1,1,19,1,0,0.4,0.4
정찬헌,LG,20,3.38,0,1,13000,7000,0,0,3.51,78.54,92.5,0.966317865,0.932,4.389902,1.33,110.33,19,19,6.63,19,14,14,88,78,23,8,0,3,7,0,2,16,341,1.58,0.295,0.364,0.877,2.84,19,6,6,77,70,18,5,0,2,7,0,0,13,267,1.32,0.257,0.325,0.739,2.84,19,6,6,78,71,19,2,0,1,5,0,1,14,325,1.26,0.268,0.321,0.659,0.95,19,4,2,70,66,11,2,1,0,2,0,0,10,225,0.68,0.167,0.186,0.413,5.4,16.67,10,10,79,72,24,4,0,4,6,0,0,14,323,1.8,0.333,0.385,0.941,2.13,12.67,6,3,55,50,15,1,0,0,3,0,1,10,190,1.42,0.3,0.352,0.672,6,3,2,2,14,13,3,0,0,0,1,0,0,5,47,1.33,0.231,0.286,0.517,0,1,0,0,3,3,0,0,0,0,0,0,0,1,17,0,0,0,0,0,1,0,0,6,6,3,0,0,0,0,0,0,2,22,3,0.5,0.5,1
윌슨,LG,20,2.69,1,0,110000,0,0,1,4.42,98.9,93.78,0.969177853,0.932,4.389902,1.38,144.67,25,25,3.24,25,15,9,111,105,29,5,0,3,5,0,0,21,432,1.36,0.276,0.306,0.716,6.84,25,19,19,112,101,33,8,2,3,7,0,2,21,422,1.6,0.327,0.382,0.917,5.11,24.67,16,14,113,105,34,1,0,3,6,0,1,23,429,1.62,0.324,0.366,0.785,4.5,24,13,12,108,99,30,3,0,3,7,0,0,16,373,1.54,0.303,0.346,0.77,4.03,22.33,10,10,88,77,16,4,0,0,7,0,2,13,324,1.03,0.208,0.284,0.544,2,18,5,4,71,60,11,0,0,1,5,0,3,12,269,0.89,0.183,0.271,0.504,5.4,5,3,3,22,21,7,2,0,0,1,0,0,3,67,1.6,0.333,0.364,0.793,0,0.67,0,0,4,3,1,0,0,0,1,0,0,1,18,3,0.333,0.5,0.833,0,0,0,0,0,0,0,0,0,0,0,0,0,0,0,0,0,0,0
차우찬,LG,20,0.56,0,0,100000,-70000,1,0,5.34,119.65,110.69,0.9444375,0.932,4.389902,1.55,64,13,13,8.76,12.33,13,12,61,54,18,3,1,2,6,0,1,15,266,1.95,0.333,0.41,0.947,5.73,11,7,7,47,42,10,2,0,2,5,0,0,7,203,1.36,0.238,0.319,0.748,0,11,0,0,42,38,5,2,0,0,3,0,1,8,145,0.73,0.132,0.214,0.398,7.36,11,9,9,51,42,15,3,0,2,5,0,0,9,207,1.82,0.357,0.4,0.971,8.38,9.67,9,9,50,41,16,3,0,2,6,1,0,4,193,2.28,0.39,0.449,1.059,1.29,7,1,1,26,25,5,1,0,0,1,0,0,8,104,0.86,0.2,0.231,0.471,0,2,0,0,10,8,2,0,0,0,2,0,0,0,41,2,0.25,0.4,0.65,0,0,0,0,0,0,0,0,0,0,0,0,0,0,0,0,0,0,0,0,0,0,0,0,0,0,0,0,0,0,0,0,0,0,0,0,0,0
켈리,LG,21,5.89,1,1,70000,20000,0,0,3.15,75.36,89.85,0.954413277,0.905,4.249886,1.24,177,30,30,3.3,30,11,11,128,117,29,2,0,2,9,0,1,25,511,1.27,0.248,0.305,0.621,2.4,30,8,8,116,106,20,2,0,3,9,0,1,28,432,0.97,0.189,0.259,0.551,3.3,30,11,11,121,109,26,4,0,1,6,0,3,28,455,1.07,0.239,0.292,0.595,2.7,30,11,9,129,115,28,8,0,3,13,0,0,25,565,1.37,0.243,0.32,0.711,3.03,29.67,10,10,130,119,32,4,0,2,9,1,2,16,493,1.38,0.269,0.331,0.684,3.8,21.33,9,9,95,77,20,4,0,1,12,2,3,14,341,1.5,0.26,0.376,0.727,6.35,5.67,4,4,24,20,5,1,0,0,2,0,1,6,102,1.24,0.25,0.333,0.633,0,0,0,0,0,0,0,0,0,0,0,0,0,0,0,0,0,0,0,0,0,0,0,0,0,0,0,0,0,0,0,0,0,0,0,0,0,0
임찬규,LG,21,1.88,0,0,22000,-2000,0,0,3.87,92.54,102.99,0.960384251,0.905,4.249886,1.29,90.67,17,17,7.41,17,14,14,78,69,21,5,0,2,7,0,1,19,306,1.65,0.304,0.377,0.841,2.76,16.33,8,5,76,62,13,0,1,0,13,1,0,13,316,1.59,0.21,0.347,0.589,1.13,16,3,2,60,54,6,0,1,1,5,0,1,11,216,0.69,0.111,0.2,0.404,2.35,15.33,4,4,61,54,11,2,1,0,6,0,0,13,223,1.11,0.204,0.283,0.561,4.73,13.33,8,7,58,51,14,1,0,2,4,0,0,5,186,1.35,0.275,0.321,0.733,5.19,8.67,5,5,34,29,6,0,0,1,4,0,0,4,127,1.15,0.207,0.303,0.613,4.5,4,2,2,20,17,5,1,0,1,2,0,1,2,72,1.75,0.294,0.4,0.929,0,0,0,0,0,0,0,0,0,0,0,0,0,0,0,0,0,0,0,0,0,0,0,0,0,0,0,0,0,0,0,0,0,0,0,0,0,0
쿠에바스,KT,20,4.38,1,1,60000,-10000,0,0,4.1,84.74,93.78,0.999172025,1,4.389902,1.25,158,27,27,4.33,27,14,13,116,99,26,4,0,3,11,0,2,11,412,1.37,0.263,0.339,0.733,1.33,27,6,4,110,104,21,4,1,1,4,0,2,25,435,0.93,0.202,0.245,0.533,7.76,26.67,23,23,128,107,38,5,0,5,16,0,2,22,503,2.03,0.355,0.444,0.986,2.31,23.33,6,6,85,80,15,1,0,4,3,0,0,14,312,0.77,0.188,0.214,0.564,5.73,22,18,14,96,87,23,8,0,2,6,0,2,12,364,1.32,0.264,0.326,0.751,3.86,18.67,9,8,79,70,16,4,0,1,6,0,0,13,298,1.18,0.229,0.278,0.607,3.12,8.67,3,3,36,35,8,0,0,0,0,0,1,9,119,0.92,0.229,0.25,0.479,0,4,0,0,13,13,2,0,0,0,0,0,0,4,57,0.5,0.154,0.154,0.308,13.5,0.67,1,1,5,5,3,0,0,0,0,0,0,0,19,4.5,0.6,0.6,1.2
배제성,KT,20,4.27,0,1,11000,6000,0,0,3.95,81.58,109.35,0.992832873,1,4.389902,1.46,141.33,26,26,6.23,26,19,18,126,109,32,8,1,5,16,0,1,15,454,1.85,0.294,0.389,0.912,4.5,26,14,13,115,95,23,3,0,1,19,0,0,18,454,1.62,0.242,0.368,0.673,2.77,26,9,8,108,94,18,5,0,1,12,0,2,12,420,1.15,0.191,0.296,0.573,3.75,24,11,10,105,87,23,6,0,3,14,0,1,12,388,1.54,0.264,0.365,0.802,4.22,21.33,10,10,94,86,22,6,0,2,7,0,0,14,377,1.36,0.256,0.312,0.707,1.42,12.67,2,2,53,44,9,1,0,0,8,0,0,9,194,1.34,0.205,0.321,0.548,2.08,4.33,1,1,15,15,3,1,0,0,0,0,0,3,67,0.69,0.2,0.2,0.467,0,1,0,0,3,3,0,0,0,0,0,0,0,0,10,0,0,0,0,0,0,0,0,0,0,0,0,0,0,0,0,0,0,0,0,0,0,0
데스파이네,KT,21,5.95,1,1,50000,20000,0,0,3.39,74.07,78.9,0.989681295,0.981,4.249886,1.34,188.67,33,33,3.9,32.33,17,14,143,122,27,3,1,1,19,0,1,21,625,1.42,0.221,0.329,0.616,4.13,32.67,17,15,148,131,41,6,0,1,12,0,0,26,568,1.62,0.313,0.368,0.75,1.69,32,10,6,127,119,23,6,0,0,7,0,1,30,508,0.94,0.193,0.244,0.488,3.86,30.33,13,13,136,120,35,3,0,1,11,0,3,26,575,1.52,0.292,0.366,0.708,3.62,27.33,11,11,115,100,22,7,1,3,12,0,1,27,505,1.24,0.22,0.307,0.707,3.75,24,11,10,110,96,21,4,1,3,11,0,1,27,473,1.33,0.219,0.306,0.681,1.04,8.67,1,1,35,28,4,0,0,1,5,0,0,8,134,1.04,0.143,0.273,0.523,27,0.67,2,2,5,4,2,1,0,0,1,0,0,1,17,4.5,0.5,0.6,1.35,0,0,0,0,0,0,0,0,0,0,0,0,0,0,0,0,0,0,0
배제성,KT,21,3.91,0,1,17000,10000,0,0,3.68,80.58,80.63,0.977105527,0.981,4.249886,1.47,141.67,26,26,1.75,25.67,9,5,105,93,19,5,0,1,11,0,0,19,392,1.17,0.204,0.286,0.576,4.5,26,13,13,115,93,20,4,0,2,21,0,0,26,466,1.58,0.215,0.36,0.683,4.15,26,12,12,114,96,26,5,0,1,13,0,0,33,431,1.5,0.271,0.348,0.702,2.96,24.33,9,8,106,90,20,4,0,1,15,0,0,21,446,1.44,0.222,0.33,0.63,3.91,23,14,10,114,97,27,7,0,1,15,1,1,23,433,1.83,0.278,0.377,0.758,6.23,13,9,9,53,47,13,2,1,0,4,0,0,13,206,1.31,0.277,0.327,0.689,2.7,3.33,1,1,13,10,1,0,0,0,3,0,0,1,57,1.2,0.1,0.308,0.408,0,0,0,0,0,0,0,0,0,0,0,0,0,0,0,0,0,0,0,0,0,0,0,0,0,0,0,0,0,0,0,0,0,0,0,0,0,0
쿠에바스,KT,21,2.91,1,0,50000,30000,0,0,4.12,90.05,75.13,0.991466737,0.981,4.249886,1.37,133.33,23,23,6.26,23,17,16,106,94,29,5,1,4,11,0,0,24,408,1.74,0.309,0.377,0.888,3.13,23,9,8,93,85,19,4,2,0,7,0,0,21,347,1.13,0.224,0.28,0.598,4.7,23,15,12,106,93,27,4,0,0,7,0,2,17,383,1.48,0.29,0.35,0.683,1.21,22.33,5,3,83,78,12,1,0,3,3,0,1,23,299,0.67,0.154,0.195,0.477,4.05,20,9,9,81,75,14,2,0,2,6,0,0,26,303,1,0.187,0.247,0.54,7.71,14,12,12,72,62,23,5,0,2,8,0,0,17,299,2.21,0.371,0.437,0.985,0,7.33,0,0,34,25,5,0,0,0,8,0,0,9,140,1.77,0.2,0.394,0.594,13.5,0.67,1,1,5,4,2,0,0,0,1,0,0,0,12,4.5,0.5,0.6,1.1,0,0,0,0,0,0,0,0,0,0,0,0,0,0,0,0,0,0,0
소형준,KT,21,2.43,0,1,14000,6000,0,0,4.16,90.97,87.78,0.983668908,0.981,4.249886,1.46,119,24,24,6.17,23.33,19,16,112,95,28,4,0,1,15,0,1,15,476,1.84,0.295,0.396,0.764,1.96,23,10,5,94,88,23,3,0,1,4,0,1,18,410,1.17,0.261,0.298,0.628,9.7,21.33,25,23,107,89,31,5,0,2,14,0,1,14,425,2.11,0.348,0.434,0.906,2.25,20,5,5,80,72,17,1,0,2,7,0,1,17,299,1.2,0.236,0.313,0.646,1.5,18,4,3,76,65,13,3,0,0,9,1,0,12,282,1.22,0.2,0.289,0.535,2,9,2,2,35,33,7,1,0,0,2,0,0,6,134,1,0.212,0.257,0.499,0,4,0,0,15,15,3,0,0,0,0,0,0,3,62,0.75,0.2,0.2,0.4,27,0.33,1,1,2,2,1,0,0,0,0,0,0,0,9,3,0.5,0.5,1,0,0,0,0,0,0,0,0,0,0,0,0,0,0,0,0,0,0,0
알칸타라,Doosan,20,8.89,1,1,45000,155000,0,0,2.54,56.81,67.9,0.957117028,0.932,4.389902,1.03,198.67,31,31,1.74,31,7,6,118,110,21,1,0,2,6,0,1,24,456,0.87,0.191,0.237,0.492,1.16,31,4,4,118,109,17,5,0,1,7,0,1,45,477,0.77,0.156,0.214,0.443,2.61,31,9,9,130,122,34,7,1,1,4,0,3,20,521,1.23,0.279,0.315,0.692,1.74,31,6,6,114,111,19,5,0,3,3,0,0,31,447,0.71,0.171,0.193,0.49,3.48,31,12,12,131,122,33,11,1,1,6,0,2,26,533,1.26,0.27,0.313,0.715,4.5,28,15,14,121,115,36,6,0,2,2,0,2,21,475,1.36,0.313,0.333,0.75,2.03,13.33,3,3,50,48,8,2,1,2,2,0,0,14,188,0.75,0.167,0.2,0.575,7.71,2.33,2,2,12,12,5,1,0,0,0,0,0,1,41,2.14,0.417,0.417,0.917,0,0,0,0,1,1,1,0,0,0,0,0,0,0,6,99.99,1,1,2
플렉센,Doosan,20,3.98,1,1,60000,175000,0,0,3.01,67.37,57.67,0.94879952,0.932,4.389902,1.09,116.67,21,21,3.43,21,9,8,86,75,14,2,0,1,9,0,1,32,398,1.1,0.187,0.279,0.532,2.25,20,5,5,73,69,9,2,0,2,4,0,0,28,288,0.65,0.13,0.178,0.424,1.37,19.67,4,3,80,74,18,2,0,0,4,0,0,20,347,1.12,0.243,0.282,0.552,6.75,18.67,14,14,81,75,21,6,0,2,3,0,0,16,327,1.29,0.28,0.3,0.74,3.71,17,9,7,73,67,17,1,0,1,4,0,1,14,302,1.24,0.254,0.306,0.619,2.08,13,3,3,53,46,13,1,0,0,5,1,0,16,205,1.38,0.283,0.346,0.65,0,5.67,0,0,20,20,4,0,0,0,0,0,0,6,71,0.71,0.2,0.2,0.4,0,1,0,0,5,3,1,0,0,0,1,1,0,1,11,2,0.333,0.5,0.833,0,0,0,0,0,0,0,0,0,0,0,0,0,0,0,0,0,0,0
유희관,Doosan,20,1.49,0,0,47000,-17000,1,0,5.02,112.34,115.21,0.970164747,0.932,4.389902,1.68,136.33,27,27,7.67,27,27,23,129,120,40,7,2,3,8,0,0,8,521,1.78,0.333,0.372,0.872,5.06,26.67,18,15,119,109,42,6,0,5,5,0,0,11,444,1.76,0.385,0.405,0.983,2.7,23.33,8,7,107,94,29,8,0,1,10,2,1,12,397,1.67,0.309,0.381,0.807,5.32,22,14,13,95,87,25,4,0,4,7,0,0,11,378,1.45,0.287,0.34,0.811,5.31,20.33,17,12,99,92,37,8,2,0,4,1,1,5,361,2.02,0.402,0.429,0.962,3.46,13,5,5,56,50,13,2,1,1,4,1,1,6,204,1.31,0.26,0.327,0.727,2.45,3.67,1,1,16,15,4,2,0,0,1,0,0,3,63,1.36,0.267,0.313,0.713,0,0,0,0,0,0,0,0,0,0,0,0,0,0,0,0,0,0,0,0,0,0,0,0,0,0,0,0,0,0,0,0,0,0,0,0,0,0
미란다,Doosan,21,7.49,1,1,55000,105000,0,0,2.33,55.74,57.94,0.932500432,0.905,4.249886,1.14,173.67,28,28,1.29,28,4,4,108,95,14,1,0,2,13,0,0,34,501,0.96,0.147,0.25,0.471,1.29,28,4,4,107,97,14,5,0,0,9,0,0,45,416,0.82,0.144,0.215,0.411,3.95,27.33,12,12,122,109,30,3,1,3,12,0,0,35,500,1.54,0.275,0.344,0.748,3,27,11,9,113,100,20,3,0,3,11,0,1,30,463,1.15,0.2,0.286,0.606,2.96,24.33,9,8,105,92,23,3,0,3,10,0,0,36,446,1.36,0.25,0.32,0.7,0.41,22,2,1,81,79,16,3,0,0,2,0,0,25,317,0.82,0.203,0.222,0.463,3.55,12.67,5,5,53,47,12,1,0,0,5,0,0,15,203,1.34,0.255,0.321,0.598,5.4,3.33,2,2,16,15,5,1,0,0,1,0,0,5,60,1.8,0.333,0.375,0.775,0,1,0,0,4,4,1,1,0,0,0,0,0,0,12,1,0.25,0.25,0.75
최원준,Doosan,21,4.89,0,1,16000,18000,0,0,3.3,78.81,95.87,0.947853281,0.905,4.249886,1.24,158.33,29,29,2.48,29,9,8,116,111,28,6,0,3,2,0,2,26,474,1.03,0.252,0.278,0.665,2.17,29,9,7,113,109,25,7,0,2,3,0,0,21,460,0.97,0.229,0.248,0.597,4.45,28.33,16,14,128,111,31,5,2,3,11,0,2,18,489,1.48,0.279,0.349,0.79,4.85,26,14,14,115,105,29,4,1,3,7,0,2,16,454,1.38,0.276,0.33,0.749,2.31,23.33,7,6,101,91,23,4,0,2,6,0,3,15,389,1.24,0.253,0.32,0.683,3.86,16.33,7,7,74,63,17,4,1,1,8,1,1,9,308,1.53,0.27,0.361,0.774,3.38,5.33,2,2,23,23,7,1,0,1,0,0,0,7,92,1.31,0.304,0.304,0.782,0,1,0,0,3,3,0,0,0,0,0,0,0,1,11,0,0,0,0,0,0,0,0,0,0,0,0,0,0,0,0,0,0,0,0,0,0,0
로켓,Doosan,21,4.42,1,0,49300,0,0,0,2.98,71.13,79.8,0.960252258,0.905,4.249886,1.4,124,21,21,2.14,21,5,5,89,78,21,3,0,0,11,0,0,19,332,1.52,0.269,0.36,0.668,0.43,21,1,1,89,77,18,2,0,0,6,0,4,15,360,1.14,0.234,0.322,0.582,3.86,21,9,9,91,82,23,5,1,0,5,0,3,26,341,1.33,0.28,0.341,0.707,2.66,20.33,6,6,83,73,17,3,0,1,6,0,2,14,315,1.13,0.233,0.305,0.62,5.21,19,12,11,87,75,24,4,0,3,8,1,1,19,301,1.68,0.32,0.388,0.881,3.63,17.33,8,7,80,71,22,3,1,0,6,0,2,14,309,1.62,0.31,0.375,0.755,2.7,3.33,2,1,14,14,3,0,0,1,0,0,0,3,41,0.9,0.214,0.214,0.643,9,1,1,1,7,7,4,0,0,0,0,0,0,2,20,4,0.571,0.571,1.142,0,0,0,0,0,0,0,0,0,0,0,0,0,0,0,0,0,0,0
곽빈,Doosan,21,2.42,0,1,3000,3500,0,0,4.1,98.12,120.42,0.966295733,0.905,4.249886,1.59,98.67,21,21,2.57,21,6,6,87,70,12,1,0,3,15,0,2,22,380,1.29,0.171,0.333,0.647,1.71,21,4,4,90,80,17,4,0,1,7,0,3,25,360,1.14,0.213,0.3,0.6,4.79,20.67,12,11,104,74,16,2,1,0,27,0,0,19,420,2.08,0.216,0.422,0.692,3.44,18.33,9,7,81,59,13,5,0,0,10,0,6,14,320,1.25,0.22,0.377,0.682,6.43,14,10,10,65,52,12,3,1,3,12,0,0,14,275,1.71,0.231,0.375,0.875,17.18,3.67,7,7,28,18,8,2,1,0,8,0,1,2,122,4.36,0.444,0.63,1.297,0,0,0,0,0,0,0,0,0,0,0,0,0,0,0,0,0,0,0,0,0,0,0,0,0,0,0,0,0,0,0,0,0,0,0,0,0,0,0,0,0,0,0,0,0,0,0,0,0,0,0,0,0,0,0,0,0
유희관,Doosan,21,-0.57,0,0,30000,0,0,1,7.71,184.4,145.13,0.966966349,0.905,4.249886,2.08,63,15,15,11.05,14.67,18,18,75,65,27,2,1,2,7,0,1,4,312,2.32,0.415,0.467,1.036,9,13,13,13,62,55,21,2,2,2,3,0,1,9,252,1.85,0.382,0.41,1.01,7.36,11,10,9,53,48,15,3,0,3,5,0,0,2,182,1.82,0.313,0.377,0.94,5.06,10.67,8,6,57,49,19,2,0,0,5,0,1,3,197,2.25,0.388,0.446,0.875,7,9,7,7,45,42,19,5,0,3,2,0,0,4,152,2.33,0.452,0.477,1.263,1.93,4.67,1,1,22,20,6,0,0,0,2,0,0,1,89,1.71,0.3,0.364,0.664,0,0,0,0,0,0,0,0,0,0,0,0,0,0,0,0,0,0,0,0,0,0,0,0,0,0,0,0,0,0,0,0,0,0,0,0,0,0,0,0,0,0,0,0,0,0,0,0,0,0,0,0,0,0,0,0,0
문승원,SSG,20,4.4,0,0,25700,0,0,0,3.65,73.95,83.87,0.988169081,1,4.389902,1.24,145.67,25,25,2.92,24.67,10,8,107,93,24,5,0,3,12,0,0,18,456,1.46,0.258,0.336,0.745,2.16,25,6,6,95,91,19,3,0,4,3,0,0,22,357,0.88,0.209,0.232,0.606,3.6,25,10,10,104,93,24,3,0,1,7,0,1,19,394,1.24,0.258,0.317,0.64,2.52,25,9,7,103,97,25,5,0,1,4,0,1,18,391,1.16,0.258,0.294,0.634,6.08,23.67,17,16,109,96,29,9,0,2,10,0,2,17,401,1.65,0.302,0.376,0.834,6.14,14.67,10,10,66,59,14,4,0,2,5,0,2,15,238,1.3,0.237,0.318,0.725,0,7,0,0,23,20,1,0,0,0,3,0,0,8,90,0.57,0.05,0.174,0.224,27,0.33,1,1,2,0,0,0,0,0,1,0,0,0,9,3,0,1,0,0,0,0,0,0,0,0,0,0,0,0,0,0,0,0,0,0,0,0
핀토,SSG,20,0.79,1,0,45000,0,0,0,6.17,125.09,113.11,0.99467858,1,4.389902,1.78,162,30,30,6.07,29.67,22,20,133,124,37,7,0,2,9,0,0,17,515,1.55,0.298,0.346,0.749,4.2,30,21,14,138,115,34,7,0,2,17,0,3,21,540,1.7,0.296,0.394,0.803,6,30,21,20,142,121,36,4,0,3,20,1,1,21,529,1.87,0.298,0.401,0.806,9,29,29,29,152,128,45,7,1,4,19,1,3,19,541,2.21,0.352,0.441,0.957,4.94,23.67,13,13,106,89,22,4,0,4,13,0,2,22,479,1.48,0.247,0.352,0.779,8.04,15.67,14,14,76,63,19,5,0,4,11,1,2,10,267,1.91,0.302,0.421,0.992,2.45,3.67,1,1,18,17,5,1,0,0,1,0,0,2,74,1.64,0.294,0.333,0.686,0,0,0,0,0,0,0,0,0,0,0,0,0,0,0,0,0,0,0,0,0,0,0,0,0,0,0,0,0,0,0,0,0,0,0,0,0,0
폰트,SSG,21,4.01,1,1,85000,25000,0,0,3.46,75.4,67.92,1.005217821,1.024,4.249886,1.09,145.67,25,25,2.88,25,8,8,103,97,22,4,0,1,5,0,0,30,443,1.08,0.227,0.262,0.561,2.88,25,8,8,102,86,14,2,0,2,12,0,2,30,445,1.04,0.163,0.28,0.536,3,24,8,8,90,84,15,3,0,2,3,0,1,20,385,0.75,0.179,0.213,0.499,3.75,24,16,10,101,94,21,7,0,3,5,0,1,21,402,1.08,0.223,0.267,0.661,3.52,23,11,9,100,86,16,1,0,1,10,0,2,27,436,1.13,0.186,0.283,0.516,6.62,17.67,14,13,79,69,21,5,1,3,8,1,0,19,315,1.64,0.304,0.377,0.913,0,5,1,0,23,19,5,0,0,0,2,0,0,7,76,1.4,0.263,0.333,0.596,0,2,0,0,6,6,0,0,0,0,0,0,0,3,24,0,0,0,0,0,0,0,0,0,0,0,0,0,0,0,0,0,0,0,0,0,0,0
가빌리오,SSG,21,0.88,1,0,24600,0,0,0,5.86,127.8,86.59,1.014712406,1.024,4.249886,1.45,81.33,15,15,2.4,15,4,4,61,56,11,2,0,0,5,0,0,12,236,1.07,0.196,0.262,0.494,3,15,5,5,58,52,10,2,0,1,5,0,1,18,234,1,0.192,0.276,0.564,5.4,15,9,9,66,57,20,3,0,1,5,0,2,10,224,1.67,0.351,0.415,0.871,2.4,15,5,4,57,53,10,1,0,1,3,0,1,13,206,0.87,0.189,0.246,0.51,12.79,12.67,18,18,64,52,20,5,0,2,9,1,1,8,223,2.29,0.385,0.476,1.072,12.15,6.67,9,9,33,30,12,3,0,2,2,0,1,8,126,2.1,0.4,0.455,1.155,18,2,4,4,12,9,5,2,0,0,1,0,0,1,37,3,0.556,0.5,1.278,0,0,0,0,0,0,0,0,0,0,0,0,0,0,0,0,0,0,0,0,0,0,0,0,0,0,0,0,0,0,0,0,0,0,0,0,0,0
스트레일리,Lotte,20,9,1,1,50000,40000,0,0,2.5,49.78,57.77,0.993866184,0.999,4.389902,1.38,194.67,31,31,2.61,31,10,9,123,113,22,4,0,2,9,0,0,41,546,1,0.195,0.254,0.537,2.03,31,8,7,124,109,21,3,0,0,11,0,2,35,502,1.03,0.193,0.276,0.496,2.32,31,9,8,120,108,18,8,0,0,6,0,1,30,446,0.77,0.167,0.214,0.455,3.19,31,11,11,123,116,28,4,0,2,5,0,1,31,520,1.06,0.241,0.279,0.607,1.24,29,6,4,116,106,21,4,0,1,9,0,1,27,462,1.03,0.198,0.267,0.531,4.38,24.67,13,12,103,96,27,3,2,5,5,0,1,22,403,1.3,0.281,0.32,0.83,0,13.33,0,0,48,44,5,0,0,0,4,0,0,16,196,0.68,0.114,0.188,0.302,7.36,3.67,3,3,21,18,6,1,0,0,2,0,1,4,86,2.18,0.333,0.429,0.818,0,0,0,0,0,0,0,0,0,0,0,0,0,0,0,0,0,0,0
박세웅,Lotte,20,2.91,0,1,11000,5500,0,0,4.7,93.78,98.4,0.988840155,0.999,4.389902,1.19,147.33,28,28,3.21,28,10,10,116,106,28,3,1,4,8,0,0,20,456,1.29,0.264,0.31,0.735,5.46,28,21,17,129,118,34,6,0,5,10,0,0,25,508,1.57,0.288,0.344,0.81,4.18,28,16,13,126,114,36,4,1,4,8,0,1,12,487,1.57,0.316,0.36,0.834,5.4,26.67,16,16,125,110,36,5,0,2,10,0,4,23,489,1.73,0.327,0.403,0.83,4.37,22.67,11,11,98,88,24,6,0,1,7,0,2,19,354,1.37,0.273,0.337,0.712,8.18,11,11,10,54,47,16,3,0,4,4,0,1,8,204,1.82,0.34,0.389,1.049,3,3,1,1,11,11,2,0,0,0,0,0,0,3,39,0.67,0.182,0.182,0.364,0,0,0,0,0,0,0,0,0,0,0,0,0,0,0,0,0,0,0,0,0,0,0,0,0,0,0,0,0,0,0,0,0,0,0,0,0,0
샘슨,Lotte,20,2.07,1,0,50000,0,0,0,5.4,107.67,91.82,0.98845,0.999,4.389902,1.56,130,25,25,4.68,25,13,13,106,98,26,3,0,2,7,0,1,16,415,1.32,0.265,0.321,0.678,4.5,24,12,12,106,97,29,7,0,3,4,0,4,20,364,1.38,0.299,0.352,0.816,1.5,24,8,4,100,93,22,3,0,0,4,0,1,13,367,1.08,0.237,0.276,0.545,4.84,22.33,14,12,101,89,27,6,0,1,9,0,0,12,412,1.61,0.303,0.364,0.768,12.05,18.67,25,25,99,94,40,2,1,5,5,0,0,10,340,2.41,0.426,0.455,1.083,6.39,12.67,11,9,58,54,17,4,0,2,4,0,0,14,228,1.66,0.315,0.362,0.862,8.1,3.33,3,3,20,17,6,0,0,1,3,0,0,2,76,2.7,0.353,0.45,0.979,0,0,0,0,0,0,0,0,0,0,0,0,0,0,0,0,0,0,0,0,0,0,0,0,0,0,0,0,0,0,0,0,0,0,0,0,0,0
박세웅,Lotte,21,5.06,0,1,16500,9500,0,0,3.98,84.31,95.61,1.019804601,1.06,4.249886,1.19,163,28,28,5.79,28,19,18,122,109,29,3,0,7,10,0,2,19,485,1.39,0.266,0.336,0.822,3.21,28,10,10,110,99,19,4,0,1,5,0,3,18,369,0.86,0.192,0.252,0.515,3.21,28,10,10,116,109,26,8,0,2,7,0,0,23,433,1.18,0.239,0.284,0.651,4.5,26,13,13,110,98,23,3,0,4,10,0,1,25,442,1.27,0.235,0.312,0.7,3.13,23,8,8,103,86,16,3,0,3,13,0,4,22,415,1.26,0.186,0.32,0.646,4.05,20,11,9,85,82,22,3,0,3,2,0,0,11,313,1.2,0.268,0.286,0.701,5.14,7,4,4,29,25,6,0,0,0,4,0,0,4,117,1.43,0.24,0.345,0.585,0,2,0,0,7,6,0,0,0,0,1,0,0,3,22,0.5,0,0.143,0.143,0,1,0,0,4,3,0,0,0,0,1,0,0,1,17,1,0,0.25,0.25
스트레일리,Lotte,21,4.31,1,0,90000,0,0,0,4.07,86.41,75.05,1.020645379,1.06,4.249886,1.38,165.67,31,31,5.23,31,23,18,144,125,38,4,1,3,15,0,2,36,639,1.71,0.304,0.385,0.809,4.65,31,16,16,139,120,38,4,0,2,14,0,1,32,559,1.68,0.317,0.384,0.784,2.37,30.33,10,8,119,109,24,2,0,2,6,0,1,31,484,0.99,0.22,0.263,0.557,3.18,28.33,12,10,118,105,22,6,0,1,8,0,3,29,465,1.06,0.21,0.282,0.577,2.7,26.67,9,8,111,96,21,5,0,2,13,0,0,20,464,1.28,0.219,0.312,0.645,7.02,16.67,13,13,74,64,17,4,1,2,9,0,0,15,327,1.56,0.266,0.351,0.804,10.8,1.67,2,2,9,7,2,0,0,0,2,0,0,1,30,2.4,0.286,0.444,0.73,0,0,0,0,0,0,0,0,0,0,0,0,0,0,0,0,0,0,0,0,0,0,0,0,0,0,0,0,0,0,0,0,0,0,0,0,0,0
서폴드,Hanwha,20,2.02,1,0,90000,0,0,0,4.91,105.43,105.86,0.944387515,0.888,4.389902,1.48,165,28,28,6.75,28,25,21,134,122,45,6,0,5,7,0,2,17,508,1.86,0.369,0.403,0.944,2.89,28,14,9,117,105,30,4,0,1,7,0,4,19,424,1.32,0.286,0.35,0.702,1.61,28,5,5,105,97,18,3,0,2,5,0,3,16,399,0.82,0.186,0.248,0.526,3.95,27.33,12,12,118,106,30,5,1,2,8,0,1,13,439,1.39,0.283,0.339,0.745,6.23,26,20,18,122,113,36,7,0,5,8,0,0,20,465,1.69,0.319,0.361,0.874,7.65,20,19,17,98,86,30,4,0,4,6,0,3,10,369,1.8,0.349,0.406,0.941,8.44,5.33,5,5,28,27,10,0,1,0,1,0,0,2,98,2.06,0.37,0.393,0.837,20.25,1.33,4,3,8,8,3,1,1,0,0,0,0,0,27,2.25,0.375,0.375,1.125,0,1,0,0,4,4,1,0,0,0,0,0,0,0,13,1,0.25,0.25,0.5
장시환,Hanwha,20,1.87,0,1,11000,4400,0,0,5.02,107.81,109.3,0.936566066,0.888,4.389902,1.61,132.67,26,26,7.27,26,23,21,131,113,39,6,0,5,16,0,1,23,528,2.12,0.345,0.427,0.958,3.81,26,12,11,115,95,25,2,0,3,17,0,2,22,461,1.62,0.263,0.383,0.762,5.19,26,17,15,118,100,24,4,0,3,16,0,1,21,482,1.54,0.24,0.347,0.717,5.56,22.67,15,14,101,90,25,8,1,1,9,0,1,20,407,1.5,0.278,0.347,0.769,4.67,17.33,10,9,78,64,15,4,0,2,9,0,2,14,311,1.38,0.234,0.338,0.729,3.27,11,4,4,46,37,8,2,0,1,7,0,1,8,183,1.36,0.216,0.356,0.707,0,3.67,0,0,14,14,3,1,0,0,0,0,0,7,62,0.82,0.214,0.214,0.5,0,0,0,0,0,0,0,0,0,0,0,0,0,0,0,0,0,0,0,0,0,0,0,0,0,0,0,0,0,0,0,0,0,0,0,0,0,0
채드벨,Hanwha,20,0.71,1,0,60000,0,0,0,5.96,128.02,111.04,0.921268961,0.888,4.389902,1.56,77,16,16,7.88,16,14,14,74,67,18,4,0,3,6,0,1,18,312,1.5,0.269,0.338,0.801,3.38,16,8,6,70,63,19,2,0,1,5,0,1,14,244,1.5,0.302,0.357,0.738,4.8,15,8,8,63,54,13,2,0,2,5,0,2,11,244,1.2,0.241,0.323,0.712,6.23,13,9,9,54,46,10,1,0,3,7,0,0,8,204,1.31,0.217,0.321,0.756,6.3,10,7,7,53,40,15,2,0,0,10,1,0,4,205,2.5,0.375,0.49,0.915,9,6,7,6,28,25,8,0,0,0,2,0,1,5,139,1.67,0.32,0.393,0.713,9,1,1,1,4,4,2,0,0,1,0,0,0,1,19,2,0.5,0.5,1.75,0,0,0,0,0,0,0,0,0,0,0,0,0,0,0,0,0,0,0,0,0,0,0,0,0,0,0,0,0,0,0,0,0,0,0,0,0,0
킹험,Hanwha,21,4.59,1,1,25000,45000,0,0,3.19,73.31,78.01,0.964129861,0.897,4.249886,1.1,144,25,25,2.92,24.67,9,8,98,85,15,4,0,1,11,0,1,13,403,1.05,0.176,0.276,0.535,1.46,24.67,5,4,93,83,13,4,0,1,6,0,0,22,371,0.77,0.157,0.211,0.452,2.63,24,7,7,100,94,26,5,0,3,5,0,1,31,408,1.29,0.277,0.32,0.746,3.42,23.67,10,9,98,87,16,2,0,0,8,0,1,22,394,1.01,0.184,0.255,0.462,3.74,21.67,12,9,88,80,14,2,0,2,7,1,0,20,340,0.97,0.175,0.241,0.516,4.34,18.67,10,9,87,81,26,4,0,2,4,0,2,16,342,1.61,0.321,0.368,0.812,6,6,4,4,24,22,6,1,0,1,0,0,0,7,84,1,0.273,0.261,0.716,99.99,0,1,1,1,1,1,0,0,1,0,0,0,0,6,99.99,1,1,5,0,0,0,0,0,0,0,0,0,0,0,0,0,0,0,0,0,0,0
루친스키,NC,20,7.77,1,1,100000,30000,0,0,3.05,61.26,75.86,1.030729836,1.1,4.389902,1.26,183,30,30,3,30,10,10,122,115,26,3,0,2,5,0,1,27,466,1.03,0.226,0.264,0.568,1.8,30,6,6,126,112,27,0,0,2,13,0,0,40,520,1.33,0.241,0.32,0.615,3.3,30,13,11,128,116,30,2,2,2,10,0,1,27,505,1.33,0.259,0.323,0.685,1.5,30,5,5,108,99,19,1,0,2,5,0,1,23,400,0.8,0.192,0.236,0.499,2.48,29,9,8,129,112,32,1,0,3,8,0,5,22,498,1.38,0.286,0.36,0.735,6.26,23,16,16,104,91,26,4,0,3,11,0,1,20,411,1.61,0.286,0.369,0.798,5.4,10,8,6,50,43,13,1,1,0,5,0,2,7,188,1.8,0.302,0.4,0.772,0,1,0,0,3,3,0,0,0,0,0,0,0,1,13,0,0,0,0,0,0,0,0,0,0,0,0,0,0,0,0,0,0,0,0,0,0,0
라이트,NC,20,3.92,1,0,80000,0,0,0,4.68,94.04,87.47,1.038724805,1.1,4.389902,1.44,157.67,29,29,2.17,29,7,7,124,107,22,5,1,1,16,0,1,22,541,1.31,0.206,0.315,0.614,5.65,28.67,18,18,127,115,34,2,1,2,9,0,1,28,512,1.5,0.296,0.352,0.735,2.3,27.33,10,7,106,95,19,3,0,2,8,0,1,19,405,0.99,0.2,0.267,0.562,3.08,26.33,10,9,109,97,23,5,0,0,10,0,2,24,447,1.25,0.237,0.321,0.61,4.91,25.67,14,14,121,106,31,5,0,4,11,0,4,17,453,1.64,0.292,0.38,0.833,8.35,18.33,18,17,88,78,22,6,0,2,8,0,1,14,359,1.64,0.282,0.356,0.792,34.71,2.33,9,9,21,19,13,1,0,1,1,0,0,1,72,6,0.684,0.7,1.595,0,0,0,0,0,0,0,0,0,0,0,0,0,0,0,0,0,0,0,0,0,0,0,0,0,0,0,0,0,0,0,0,0,0,0,0,0,0
이재학,NC,20,1.01,0,0,27500,-7500,0,0,6.55,131.62,116.36,1.012307158,1.1,4.389902,1.63,90.67,19,19,8.05,19,17,17,91,78,29,7,0,3,10,0,0,10,355,2.05,0.372,0.429,1.006,3.86,18.67,8,8,75,64,13,3,0,2,8,0,2,10,295,1.13,0.203,0.307,0.651,5.4,16.67,10,10,70,64,15,2,0,2,5,0,1,10,253,1.2,0.234,0.3,0.659,8.62,15.67,15,15,75,67,23,5,0,4,6,0,1,17,301,1.85,0.343,0.405,1.002,5.68,12.67,8,8,60,48,12,2,1,1,10,0,1,10,231,1.74,0.25,0.383,0.779,10.8,6.2,8,8,35,32,13,2,0,2,3,0,0,4,115,2.4,0.406,0.457,1.113,0,1.33,0,0,4,3,0,0,0,0,1,0,0,0,28,0.75,0,0.25,0.25,0,0,0,0,0,0,0,0,0,0,0,0,0,0,0,0,0,0,0,0,0,0,0,0,0,0,0,0,0,0,0,0,0,0,0,0,0,0
루친스키,NC,21,5.62,1,1,130000,30000,0,0,3.17,69.3,70.25,1.035747475,1.086,4.249886,1.2,178.2,30,30,2.4,30,11,8,126,112,24,2,1,2,11,0,3,26,514,1.17,0.214,0.302,0.606,2.7,30,11,9,122,107,24,4,0,2,12,0,2,31,494,1.2,0.224,0.314,0.632,3.6,30,17,12,132,121,33,5,0,3,9,0,0,35,527,1.4,0.273,0.321,0.709,6.21,29,21,20,136,122,40,6,0,2,11,0,2,22,501,1.76,0.328,0.393,0.819,2,27,8,6,111,101,17,1,0,1,8,0,2,27,441,0.93,0.168,0.243,0.451,2.78,22.67,7,7,87,84,16,5,0,2,2,0,1,26,328,0.79,0.19,0.218,0.539,1,9,1,1,37,35,6,1,0,0,2,0,0,8,145,0.89,0.171,0.216,0.416,0,1,0,0,3,3,0,0,0,0,0,0,0,2,19,0,0,0,0,0,0,0,0,0,0,0,0,0,0,0,0,0,0,0,0,0,0,0
파슨스,NC,21,4.31,1,1,32000,12000,0,0,3.72,81.27,76.75,1.049800451,1.086,4.249886,1.29,133,24,24,3.38,24,9,9,105,84,14,1,0,1,18,0,3,29,455,1.33,0.167,0.333,0.547,1.13,24,4,3,97,83,14,2,1,1,11,0,2,26,408,1.04,0.169,0.278,0.531,1.52,23.67,4,4,96,81,11,2,0,1,13,0,1,27,394,1.01,0.136,0.26,0.458,6.14,22,15,15,102,86,20,2,0,1,14,0,2,18,395,1.55,0.233,0.353,0.644,4.29,21,10,10,93,84,21,2,0,3,6,0,3,25,380,1.29,0.25,0.323,0.704,6.75,14.67,11,11,68,67,23,6,1,1,1,0,0,20,278,1.64,0.343,0.353,0.86,10.13,2.67,3,3,13,13,6,1,0,1,0,0,0,3,49,2.25,0.462,0.462,1.231,0,1,0,0,3,3,0,0,0,0,0,0,0,0,11,0,0,0,0,0,0,0,0,0,0,0,0,0,0,0,0,0,0,0,0,0,0,0
이재학,NC,21,1.65,0,0,20000,-2000,0,0,5.2,113.65,127.51,1.02046988,1.086,4.249886,1.52,83,17,17,3.71,17,7,7,69,62,13,2,0,4,7,0,0,17,296,1.18,0.21,0.29,0.725,2.12,17,4,4,71,58,8,1,0,1,11,0,2,20,284,1.12,0.138,0.296,0.503,4.5,16,8,8,72,56,11,5,1,0,13,0,2,14,299,1.5,0.196,0.361,0.682,11.93,14.33,20,19,82,69,27,6,0,7,11,0,1,2,313,2.65,0.391,0.481,1.264,3.6,10,4,4,43,36,10,1,0,1,6,0,0,5,172,1.6,0.278,0.381,0.77,11.57,4.67,6,6,20,17,3,1,0,1,3,0,0,6,74,1.29,0.176,0.3,0.712,0,2,0,0,6,6,2,0,0,0,0,0,0,0,29,1,0.333,0.333,0.666,0,1,0,0,4,2,0,0,0,0,1,0,1,0,19,1,0,0.5,0.5,0,0,0,0,0,0,0,0,0,0,0,0,0,0,0,0,0,0,0
송명기,NC,21,1.33,0,1,11000,2000,0,0,5.91,129.07,98.61,1.033685073,1.086,4.249886,1.66,123.33,24,24,3.09,23.33,8,8,106,97,29,7,1,0,8,0,1,18,450,1.59,0.299,0.358,0.75,5.63,24,15,15,109,98,28,8,0,3,10,0,0,24,443,1.58,0.286,0.349,0.808,5.4,23.33,15,14,109,97,28,11,0,2,10,0,2,16,404,1.63,0.289,0.367,0.831,7.36,22,18,18,113,91,28,6,0,4,17,0,3,18,439,2.05,0.308,0.429,0.934,10,18,20,20,89,78,27,6,1,2,7,1,3,14,331,1.89,0.346,0.416,0.942,5.4,10,6,6,41,36,7,1,0,1,5,0,0,10,157,1.2,0.194,0.293,0.599,0,1,0,0,3,2,0,0,0,0,1,0,0,2,13,1,0,0.333,0.333,0,1,0,0,3,3,0,0,0,0,0,0,0,0,13,0,0,0,0,0,0,0,0,0,0,0,0,0,0,0,0,0,0,0,0,0,0,0
요키시,Kiwom,20,6.71,1,1,55000,20000,0,0,2.14,46.47,70.38,0.961512996,0.954,4.389902,1.06,159.67,27,27,2.33,27,8,7,111,107,29,6,0,1,2,0,2,12,415,1.15,0.271,0.297,0.652,1,27,9,3,107,102,26,3,1,0,4,0,0,21,389,1.11,0.255,0.283,0.587,1.75,25.67,7,5,99,94,20,3,0,0,4,0,1,20,362,0.94,0.213,0.253,0.498,1.44,25,6,4,94,90,20,4,0,1,3,0,0,19,357,0.92,0.222,0.247,0.547,3.33,24.33,9,9,103,94,19,7,1,2,6,0,3,14,388,1.03,0.202,0.272,0.634,3.38,21.33,10,8,88,84,24,2,1,2,4,0,0,19,349,1.31,0.286,0.318,0.723,2.45,7.33,2,2,30,30,6,1,0,0,0,0,0,8,118,0.82,0.2,0.2,0.433,0,2,0,0,8,6,0,0,0,0,2,0,0,2,39,1,0,0.25,0.25,0,0,0,0,0,0,0,0,0,0,0,0,0,0,0,0,0,0,0
브리검,Kiwom,20,3.64,1,1,80000,-32000,0,0,3.62,78.47,77.48,0.973779626,0.954,4.389902,1.31,107,21,21,4.29,21,11,10,96,87,26,1,0,2,7,0,1,20,393,1.57,0.299,0.358,0.737,0.9,20,2,2,75,70,12,0,1,1,4,0,1,19,290,0.8,0.171,0.227,0.47,4.05,20,9,9,85,74,16,2,0,2,10,0,1,23,360,1.3,0.216,0.318,0.642,4.42,18.33,9,9,79,65,15,0,0,0,9,0,2,18,330,1.31,0.231,0.333,0.564,4.11,15.33,8,7,67,53,13,0,1,0,8,0,0,13,269,1.37,0.245,0.323,0.606,6.75,8,6,6,40,36,15,4,0,1,3,1,0,8,147,2.25,0.417,0.462,1.073,0,4,0,0,13,12,1,0,0,0,1,0,0,3,51,0.5,0.083,0.154,0.237,0,0,0,0,0,0,0,0,0,0,0,0,0,0,0,0,0,0,0,0,0,0,0,0,0,0,0,0,0,0,0,0,0,0,0,0,0,0
한현희,Kiwom,20,2.9,0,0,29000,0,0,0,4.98,107.95,86.92,0.973315103,0.954,4.389902,1.31,135.67,25,25,6.84,25,20,19,110,102,32,4,1,2,6,0,2,17,432,1.52,0.314,0.364,0.795,3.28,24.67,9,9,99,89,18,3,0,1,9,0,1,23,372,1.09,0.202,0.283,0.553,5.56,22.67,15,14,105,100,32,7,0,3,3,1,2,20,371,1.54,0.32,0.352,0.832,3.18,22.67,8,8,91,81,17,0,0,3,6,0,3,15,362,1.01,0.21,0.289,0.61,6.1,20.67,14,14,101,88,26,5,0,0,8,1,3,20,391,1.65,0.295,0.374,0.726,4.38,12.33,6,6,48,41,9,1,0,1,3,0,2,8,177,0.97,0.22,0.304,0.621,5.68,6.33,4,4,28,25,5,0,0,0,2,0,1,6,126,1.11,0.2,0.286,0.486,13.5,0.67,1,1,4,4,2,0,0,0,0,0,0,0,14,3,0.5,0.5,1,0,0,0,0,0,0,0,0,0,0,0,0,0,0,0,0,0,0,0
최원태,Kiwom,20,1.75,0,0,37000,-8000,0,0,5.07,110.06,117.49,0.970624273,0.954,4.389902,1.38,110,21,21,4.29,21,10,10,89,81,20,2,1,1,8,0,0,11,333,1.33,0.247,0.315,0.648,4.29,21,11,10,92,80,20,5,0,3,10,0,2,14,353,1.43,0.25,0.348,0.773,6.53,20.67,15,15,91,78,24,3,0,5,8,1,2,8,316,1.55,0.308,0.378,0.916,6.75,17.33,13,13,79,70,21,5,0,4,6,0,2,14,279,1.56,0.3,0.372,0.915,3,15,5,5,57,54,9,1,0,1,2,1,1,10,201,0.73,0.167,0.211,0.452,6,9,7,6,43,40,13,0,0,1,2,0,0,5,147,1.67,0.325,0.357,0.757,3.38,5.33,2,2,21,20,5,0,0,1,1,0,0,5,87,1.13,0.25,0.286,0.686,27,0.33,2,1,5,4,3,0,0,0,0,0,0,0,16,9,0.75,0.75,1.5,0,0,0,0,0,0,0,0,0,0,0,0,0,0,0,0,0,0,0
요키시,Kiwom,21,6.13,1,1,75000,15000,0,0,2.93,67.62,82.81,0.99085849,0.989,4.249886,1.2,181.33,31,31,1.74,31,8,6,119,112,21,3,0,1,5,0,1,20,461,0.84,0.188,0.227,0.468,2.9,31,12,10,130,117,30,6,0,1,12,0,1,20,487,1.35,0.256,0.331,0.664,1.74,31,9,6,125,113,33,3,0,2,8,0,1,16,449,1.32,0.292,0.341,0.713,2.37,30.33,9,8,117,106,23,3,0,1,9,1,0,23,465,1.05,0.217,0.278,0.552,1.93,28,6,6,105,98,19,3,0,1,4,1,0,23,428,0.82,0.194,0.223,0.478,8.02,21.33,20,19,104,94,33,4,0,6,8,0,0,22,400,1.92,0.351,0.398,0.983,4.15,8.67,4,4,39,38,12,2,0,0,0,0,1,7,150,1.38,0.316,0.333,0.701,0,0,0,0,0,0,0,0,0,0,0,0,0,0,0,0,0,0,0,0,0,0,0,0,0,0,0,0,0,0,0,0,0,0,0,0,0,0
안우진,Kiwom,21,3.02,0,1,9000,6000,0,0,3.26,75.28,92.43,0.985148138,0.989,4.249886,1.2,107.67,21,21,3,21,11,7,90,78,15,3,0,4,11,0,1,22,370,1.24,0.192,0.3,0.685,0.43,21,2,1,83,78,16,3,0,0,5,0,0,21,335,1,0.205,0.253,0.497,6.53,20.67,18,15,95,82,23,3,1,4,10,0,3,23,396,1.6,0.28,0.379,0.867,2,18,4,4,72,66,13,3,0,2,4,0,2,23,318,0.94,0.197,0.264,0.597,5.17,15.67,9,9,68,58,15,2,0,3,9,0,0,9,289,1.53,0.259,0.358,0.806,2.89,9.33,3,3,36,32,6,1,0,0,2,1,1,10,141,0.86,0.188,0.257,0.476,0,2,0,0,6,6,0,0,0,0,0,0,0,2,18,0,0,0,0,0,0,0,0,0,0,0,0,0,0,0,0,0,0,0,0,0,0,0,0,0,0,0,0,0,0,0,0,0,0,0,0,0,0,0,0,0,0
최원태,Kiwom,21,1.68,0,1,29000,2000,0,0,4.58,105.85,101.08,0.990025187,0.989,4.249886,1.51,143.33,28,28,8.68,28,34,27,145,127,46,5,1,3,14,0,2,18,539,2.14,0.362,0.428,0.916,5.2,27.67,21,16,125,111,36,6,0,2,10,0,3,18,467,1.66,0.324,0.395,0.827,2.77,26,8,8,110,95,21,1,1,1,8,0,3,18,427,1.12,0.221,0.296,0.58,1.46,24.67,6,4,106,94,21,5,0,1,9,2,1,16,363,1.22,0.223,0.298,0.607,3.54,20.33,8,8,85,77,23,1,0,2,5,0,1,12,339,1.38,0.299,0.345,0.735,6.59,13.67,10,10,62,55,15,2,1,2,7,0,0,8,246,1.61,0.273,0.355,0.81,0,3,0,0,10,9,1,1,0,0,0,0,0,3,42,0.33,0.111,0.111,0.333,0,0,0,0,0,0,0,0,0,0,0,0,0,0,0,0,0,0,0,0,0,0,0,0,0,0,0,0,0,0,0,0,0,0,0,0,0,0
