Name,Team,Season,War,G,GS,GR,GF,CG,SHO,W,L,S,HD,IP,ER,R,Rra,TBF,H,2B,3B,HR,BB,HP,IB,SO,ROE,BK,wild pitch,ERA,RA9,rRA9,rRA9pf,FIP,WHIP,K/9,BB/9,K/BB,HR/9,K%,BB%,K-BB%,BABIP,LOB,xFIP,kwERA,ERA-FIP,ERA-,rRA9-,FIP-,AVG,OBP,SLG,OPS,NP,P/G,P/IP,P/PA,QS,QS%,QS+,QS+%,QH,TL,CW,RS,RS9,start W,start L,W%,start BW,start BL,strat BQ,start BQS,start BQS%,IP/GS,P/GS,starter waa,starter war,2time,3time,plus 1,SV,HD_1,BLSV,BLHD,BL+,save%,TS,TH,TBS,TBH,SD,MD,IR,IRS,IRS%,BQ,BQS,BQS%,IP/GR,P/GR,closer war,BIP,GB%,ifFB%,ofFB%,FB%,LD%,GB/FB,HR/FB%,if1B%,ESPN,PPF,PF_inverse,Predicted_Ridge_ERA,New_ridge_ERA,Normalized_New_ridge_ERA,lasso_Predicted_ERA,New_Lasso_ERA,Normalized_New_Lasso_ERA,Predicted_Elastic_ERA,New_Elastic_ERA,Normalized_New_Elastic_ERA,Predicted_ERA_XGBoost,New_xgboost_ERA,Normalized_New_xgboost_ERA
놀린,KIA,22,4.61,21,21,0,0,0,0,8,8,0,0,124,34,41,40,512,115,19,2,7,24,8,1,108,9,1,4,2.47,2.98,2.9,2.96,3.05,1.12,7.84,1.74,4.5,0.51,21.1,4.7,16.4,0.3,77.4,2.46,3.43,-0.59,61.29,65.72,75.84,0.244,0.29,0.338,0.628,1987,94.6,16,3.88,13,61.9,6,28.6,8,0,0,61,4.4,10,11,47.6,0,0,6,1,16.7,5.9,94.62,2.41,4.61,0,0,0,0,0,0,0,0,0,0,0,0,0,12,5,0,0,0,6,1,16.7,0,0,0,360,47.6,5.4,43.3,48.7,3.8,1,3.9,9.6,1.016175,0.9985,1.001502253,59.63489318,59.7244799,0.128713452,59.48169778,59.57105436,0.127364143,59.48169778,59.57105436,0.127364143,61.12471,61.21653489,0.10540951
양현종,KIA,22,3.46,30,30,0,0,0,0,12,7,0,0,175.1,75,86,85.15,743,170,33,3,14,50,3,1,141,11,0,3,3.85,4.41,4.37,4.44,3.66,1.25,7.24,2.57,2.82,0.72,19,6.7,12.2,0.297,67.5,2.8,3.93,0.19,95.62,98.57,90.92,0.253,0.304,0.374,0.678,2856,95.2,16.3,3.84,16,53.3,4,13.3,4,0,0,104,5.3,14,15,48.3,0,0,9,2,22.2,5.84,95.2,0.34,3.46,0,0,0,0,0,0,0,0,0,0,0,0,0,16,11,0,0,0,9,2,22.2,0,0,0,526,47,4.6,45.4,49.9,3.1,0.9,5.1,8.2,1.016175,0.9985,1.001502253,88.13585493,88.26825731,0.268375898,88.15501119,88.28744236,0.266582998,88.15501119,88.28744236,0.266582998,95.07308,95.21590583,0.299073232
파노니,KIA,22,2.75,14,14,0,0,0,0,3,4,0,0,82.2,25,33,29.4,348,78,6,1,5,24,2,0,73,7,0,5,2.72,3.59,3.2,3.28,3.27,1.23,7.95,2.61,3.04,0.54,21,6.9,14.1,0.308,73.2,2.64,3.71,-0.55,67.6,72.69,81.25,0.248,0.305,0.322,0.627,1404,100.3,17,4.03,8,57.1,4,28.6,3,0,0,47,5.1,7,7,50,0,0,11,6,54.5,5.9,100.29,1.28,2.75,0,0,0,0,0,0,0,0,0,0,0,0,0,7,5,0,0,0,11,6,54.5,0,0,0,237,45.8,6.4,45,51.4,2.8,0.9,3.9,5.1,1.016175,0.9985,1.001502253,71.58198965,71.68952393,0.187257467,71.62007488,71.72766638,0.186300162,71.62007488,71.72766638,0.186300162,69.96183,70.06693053,0.155822224
양현종,KIA,23,4.15,29,29,0,0,0,0,9,11,0,0,171,68,78,76.45,729,181,33,1,13,48,1,1,133,9,0,5,3.58,4.11,4.02,4.13,3.7,1.34,7,2.53,2.77,0.68,18.2,6.6,11.7,0.322,71.7,2.87,4,-0.12,88.56,91.23,91.5,0.272,0.321,0.383,0.704,2751,94.9,16.1,3.77,14,48.3,7,24.1,8,2,0,81,4.3,10,18,35.7,1,0,12,3,25,5.9,94.86,1.11,4.15,0,0,0,0,0,0,0,0,0,0,0,0,0,11,12,0,0,0,12,3,25,0,0,0,522,46.3,6.8,44.8,51.6,2.2,0.9,4.6,5,0.948582,0.965,1.03626943,83.32396344,86.3460761,0.258970817,83.18262624,86.19961268,0.256461068,83.18262624,86.19961268,0.256461068,82.15543,85.13516441,0.241652349
이의리,KIA,23,3.29,28,28,0,0,0,0,11,7,0,0,131.2,58,64,57.45,598,103,18,0,4,93,8,1,156,12,0,10,3.96,4.37,3.93,4.05,3.63,1.49,10.66,6.36,1.68,0.27,26.1,15.6,10.5,0.3,70.7,3.32,4.14,0.34,98.1,89.49,89.75,0.213,0.345,0.275,0.62,2546,90.9,19.3,4.26,6,21.4,2,7.1,16,0,2,96,6.6,19,9,67.9,0,3,24,12,50,4.7,90.93,0.95,3.29,0,0,0,0,0,0,0,0,0,0,0,0,0,10,9,0,0,0,24,12,50,0,0,0,330,46.3,6.7,44.9,51.6,2.1,0.9,2.3,9.7,0.948582,0.965,1.03626943,87.17065234,90.33228222,0.278475009,87.27355542,90.43891753,0.277013485,87.27355542,90.43891753,0.277013485,97.05716,100.5773673,0.329612638
앤더슨,KIA,23,1.57,14,14,0,0,0,0,4,7,0,0,79,33,42,39.05,336,76,12,3,6,26,2,0,64,8,0,10,3.76,4.78,4.45,4.53,3.83,1.29,7.29,2.96,2.46,0.68,19,7.7,11.3,0.298,64.6,2.99,4.04,-0.07,93.03,100.03,94.69,0.252,0.312,0.371,0.683,1312,93.7,16.6,3.9,8,57.1,3,21.4,2,1,0,33,3.8,5,9,35.7,0,0,12,5,41.7,5.64,93.71,0.16,1.57,0,0,0,0,0,0,0,0,0,0,0,0,0,6,5,0,0,0,12,5,41.7,0,0,0,235,46.3,5.7,46.3,52,1.6,0.9,4.7,7.9,0.948582,0.965,1.03626943,95.25434191,98.7091626,0.319462422,95.36964446,98.82864711,0.317687421,95.36964446,98.82864711,0.317687421,93.80785,97.21021109,0.310432989
메디나,KIA,23,0.18,12,12,0,0,0,0,2,6,0,0,58,39,42,39.25,269,64,16,1,6,29,9,0,36,2,1,5,6.05,6.52,6.09,6.33,5.56,1.6,5.59,4.5,1.24,0.93,13.4,10.8,2.6,0.312,63.8,4.39,5.09,0.49,149.75,140.02,137.58,0.283,0.383,0.442,0.825,1003,83.6,17.3,3.73,3,25,1,8.3,5,0,0,34,5.3,4,8,33.3,0,0,8,5,62.5,4.83,83.58,-0.85,0.18,0,0,0,0,0,0,0,0,0,0,0,0,0,3,9,0,0,0,8,5,62.5,0,0,0,186,54.9,2.1,40,42.1,3.1,1.3,7.3,4.7,0.948582,0.965,1.03626943,132.8780615,137.6974731,0.510229142,132.949,137.7709845,0.506482322,132.949,137.7709845,0.506482322,144.90068,150.1561456,0.61201818
양현종,KIA,24,5.01,29,29,0,3,3,0,11,5,0,0,171.1,78,86,83.1,727,174,37,6,21,41,6,0,129,11,0,2,4.1,4.52,4.37,4.37,4.63,1.25,6.78,2.15,3.15,1.1,17.7,5.6,12.1,0.29,70.3,3.28,3.95,-0.53,83.1,80.38,95.35,0.257,0.305,0.422,0.727,2620,90.3,15.3,3.6,15,51.7,6,20.7,4,0,0,130,6.8,23,6,79.3,0,0,12,6,50,5.91,90.34,1.97,5.01,0,0,0,0,0,0,0,0,0,0,0,0,0,13,12,0,0,0,12,6,50,0,0,0,528,41.7,5.1,49,54.1,4.2,0.8,7,6.3,0.97482,0.9881,1.012043315,90.99772921,92.09364357,0.28709321,90.82385282,91.91767313,0.284182585,90.82385282,91.91767313,0.284182585,86.48933,87.53094472,0.255298947
네일,KIA,24,4.9,26,26,0,0,0,0,12,5,0,0,149.1,42,69,67.3,642,154,27,1,11,35,9,0,138,17,1,3,2.53,4.16,4.06,4.04,3.68,1.27,8.32,2.11,3.94,0.66,21.5,5.5,16,0.321,70.5,2.88,3.47,-1.15,51.34,74.39,75.83,0.259,0.31,0.364,0.674,2398,92.2,16.1,3.74,13,50,3,11.5,5,0,0,107,6.4,15,10,60,0,0,10,3,30,5.74,92.23,2.24,4.9,0,0,0,0,0,0,0,0,0,0,0,0,0,15,7,0,0,0,10,3,30,0,0,0,446,57,3,36.5,39.6,3.5,1.4,6,7.8,0.97482,0.9881,1.012043315,81.4077859,82.38820554,0.23960527,81.47635825,82.45760374,0.238319573,81.47635825,82.45760374,0.238319573,60.445812,61.17378021,0.105165975
윤영철,KIA,24,2.18,18,18,0,0,0,0,7,4,0,0,81.2,38,44,42.65,362,82,14,1,8,43,1,0,58,7,0,1,4.19,4.85,4.7,4.61,5.26,1.53,6.39,4.74,1.35,0.88,16,11.9,4.1,0.3,71.3,4.19,4.9,-1.07,84.94,84.75,108.41,0.263,0.353,0.391,0.744,1444,80.2,17.7,3.99,3,16.7,0,0,9,0,0,51,5.6,9,8,52.9,0,0,10,3,30,4.54,80.22,0.73,2.18,0,0,0,0,0,0,0,0,0,0,0,0,0,8,7,0,0,0,10,3,30,0,0,0,247,48.5,6.5,40.8,47.3,4.2,1,6.5,8.5,0.97482,0.9881,1.012043315,101.0934368,102.3109369,0.337085619,100.8474328,102.0619703,0.333362775,100.8474328,102.0619703,0.333362775,89.492905,90.57069594,0.272613665
뷰캐넌,Samsung,22,5.47,26,26,0,1,1,1,11,8,0,0,160,54,61,60.3,691,176,29,2,10,39,8,0,117,6,0,2,3.04,3.43,3.39,3.22,3.61,1.34,6.58,2.19,3,0.56,16.9,5.6,11.3,0.327,77.5,2.94,4.05,-0.57,71.65,67.87,85.16,0.279,0.327,0.379,0.706,2605,100.2,16.3,3.77,21,80.8,9,34.6,3,0,0,81,4.6,16,10,61.5,0,0,8,1,12.5,6.15,100.19,2.62,5.47,0,0,0,0,0,0,0,0,0,0,0,0,0,12,7,0,0,0,8,1,12.5,0,0,0,508,58.3,3.8,35.3,39.1,2.7,1.5,4.9,10.8,1.101488,1.0541,0.948676596,71.38703695,67.72321122,0.167850612,71.06407073,67.41682073,0.165400911,71.06407073,67.41682073,0.165400911,69.89252,66.30539521,0.134396153
원태인,Samsung,22,4.37,27,27,0,0,0,0,10,8,0,0,165.1,72,75,73.3,700,175,25,1,16,38,4,3,130,8,0,3,3.92,4.08,3.99,3.86,3.72,1.29,7.08,2.07,3.42,0.87,18.6,5.4,13.1,0.314,72.8,2.66,3.82,0.2,92.45,81.41,87.75,0.27,0.312,0.386,0.698,2669,98.9,16.1,3.81,11,40.7,10,37,6,0,0,95,5.2,13,13,50,0,0,8,3,37.5,6.12,98.85,1.43,4.37,0,0,0,0,0,0,0,0,0,0,0,0,0,13,13,0,0,0,8,3,37.5,0,0,0,507,43.6,5.5,47.9,53.4,3,0.8,5.7,6.3,1.101488,1.0541,0.948676596,81.94629909,77.74053608,0.216864591,81.84347077,77.64298526,0.214978,81.84347077,77.64298526,0.214978,88.651215,84.10133251,0.235763542
백정현,Samsung,22,1.51,24,24,0,0,0,0,4,13,0,0,124.2,73,76,73.75,562,154,27,2,22,37,9,1,70,9,0,9,5.27,5.49,5.32,5.2,5.62,1.53,5.05,2.67,1.89,1.59,12.5,6.6,5.9,0.314,73.4,3.62,4.7,-0.35,124.31,109.53,132.67,0.302,0.358,0.492,0.85,2075,86.5,16.6,3.69,7,29.2,1,4.2,9,0,0,46,3.3,7,17,29.2,0,0,12,4,33.3,5.19,86.46,-0.71,1.51,0,0,0,0,0,0,0,0,0,0,0,0,0,3,13,0,0,0,12,4,33.3,0,0,0,420,47.5,5.6,43.5,49.1,3.4,1,10,9.1,1.101488,1.0541,0.948676596,113.1661535,107.3580813,0.361780897,112.8223,107.0318755,0.357457188,112.8223,107.0318755,0.357457188,104.74568,99.36977684,0.322734086
허윤동,Samsung,22,0.15,12,12,0,0,0,0,4,3,0,0,55,40,43,40.05,264,64,13,0,8,34,6,0,36,1,0,2,6.55,7.04,6.55,6.26,6.13,1.78,5.89,5.56,1.06,1.31,13.6,12.9,0.8,0.315,65.6,4.52,5.31,0.41,154.4,131.85,144.67,0.298,0.397,0.47,0.867,985,82.1,17.9,3.73,1,8.3,0,0,6,0,0,43,7,4,8,33.3,0,0,8,5,62.5,4.58,82.08,-0.83,0.15,0,0,0,0,0,0,0,0,0,0,0,0,0,3,5,0,0,0,8,5,62.5,0,0,0,178,33,7.4,56.4,63.8,3.2,0.5,6.7,6.3,1.101488,1.0541,0.948676596,143.9926439,136.6024513,0.504871287,143.9381793,136.550782,0.500566703,143.9381793,136.550782,0.500566703,157.53143,149.4463837,0.607975307
뷰캐넌,Samsung,23,6.29,30,30,0,1,1,0,12,8,0,0,188,53,71,69.95,784,174,25,2,4,43,6,1,139,13,1,7,2.54,3.4,3.35,3.25,3.05,1.15,6.65,2.06,3.23,0.19,17.7,5.5,12.2,0.291,70,2.85,3.93,-0.51,59.25,67.87,71.12,0.241,0.287,0.298,0.585,2984,99.5,15.9,3.81,21,70,12,40,3,2,0,94,4.5,17,13,56.7,0,0,5,2,40,6.27,99.47,2.95,6.29,0,0,0,0,0,0,0,0,0,0,0,0,0,15,7,0,0,0,5,2,40,0,0,0,584,56,4.5,36.4,40.9,3,1.4,1.6,9.8,1.061897,1.029,0.971817298,68.95181583,67.00856738,0.164353916,69.11924461,67.17127756,0.164210503,69.11924461,67.17127756,0.164210503,61.90743,60.16271015,0.099406822
원태인,Samsung,23,4.43,26,26,0,0,0,0,7,7,0,0,150,54,61,59.95,634,157,26,1,15,34,6,2,102,4,2,6,3.24,3.66,3.6,3.58,4.17,1.27,6.12,2.04,3,0.9,16.1,5.4,10.7,0.301,77.3,3.06,4.11,-0.93,75.66,74.71,97.28,0.268,0.313,0.393,0.706,2521,97,16.8,3.98,17,65.4,5,19.2,4,1,0,74,4.4,12,13,48,0,2,9,2,22.2,5.77,96.96,1.76,4.43,0,0,0,0,0,0,0,0,0,0,0,0,0,12,9,0,0,0,9,2,22.2,0,0,0,472,40.2,5.3,51.2,56.5,3.3,0.7,5.4,8.3,1.061897,1.029,0.971817298,75.9622602,73.82143848,0.197688756,75.65536559,73.523193,0.195004988,75.65536559,73.523193,0.195004988,76.1132,73.96812179,0.178043789
백정현,Samsung,23,2.92,18,18,0,0,0,0,7,5,0,0,100.2,41,44,42.1,419,100,19,2,6,30,0,2,61,1,1,5,3.67,3.93,3.76,3.63,3.91,1.29,5.45,2.68,2.03,0.54,14.6,7.2,7.4,0.298,70.5,3.27,4.51,-0.24,85.59,75.8,91.21,0.264,0.316,0.372,0.688,1589,88.3,15.8,3.79,8,44.4,3,16.7,6,0,2,54,4.8,11,7,61.1,0,1,7,4,57.1,5.59,88.28,1.13,2.92,0,0,0,0,0,0,0,0,0,0,0,0,0,8,5,0,0,0,7,4,57.1,0,0,0,315,48.2,5.8,44.2,50,1.8,1,3.7,7,1.061897,1.029,0.971817298,82.24493294,79.92704853,0.227563023,82.05984449,79.74717637,0.225179251,82.05984449,79.74717637,0.225179251,83.67776,81.319492,0.219917908
수아레즈,Samsung,23,2.55,19,19,0,0,0,0,4,7,0,0,108,47,54,51.05,479,129,19,1,3,32,2,0,88,10,0,6,3.92,4.5,4.25,4.09,3.12,1.49,7.33,2.67,2.75,0.25,18.4,6.7,11.7,0.362,68.6,2.86,4,0.8,91.46,85.35,72.83,0.299,0.345,0.368,0.713,1881,99,17.4,3.93,10,52.6,6,31.6,3,1,0,74,6.2,7,12,36.8,3,0,7,5,71.4,5.68,99,0.63,2.55,0,0,0,0,0,0,0,0,0,0,0,0,0,8,7,0,0,0,7,5,71.4,0,0,0,348,50.4,4.2,42.3,46.5,3.1,1.1,1.8,6.2,1.061897,1.029,0.971817298,90.14207777,87.60163049,0.265114146,90.21118151,87.6687867,0.263583716,90.21118151,87.6687867,0.263583716,91.78791,89.20107917,0.264812195
코너,Samsung,24,5.95,28,28,0,1,1,1,11,6,0,0,160,61,67,65.45,663,135,17,3,21,40,19,0,158,4,0,9,3.43,3.77,3.68,3.54,4.44,1.09,8.89,2.25,3.95,1.18,23.8,6,17.8,0.27,77,2.98,3.26,-1,65.9,61.72,86.57,0.226,0.293,0.37,0.663,2604,93,16.3,3.93,13,46.4,8,28.6,7,0,0,82,4.6,16,12,57.1,0,0,13,3,23.1,5.71,93,3.1,5.95,0,0,0,0,0,0,0,0,0,0,0,0,0,13,9,0,0,0,13,3,23.1,0,0,0,423,37.9,7.2,52.2,59.4,2.7,0.6,7.9,7.4,1.122271,1.0639,0.939937964,73.39720831,68.98882255,0.174043148,73.28509292,68.88344104,0.172511179,73.28509292,68.88344104,0.172511179,66.978966,62.95607271,0.115318086
원태인,Samsung,24,5.87,28,28,0,1,1,0,15,6,0,0,159.2,65,68,67.3,670,150,29,3,17,42,7,1,119,5,0,3,3.66,3.83,3.79,3.58,4.55,1.2,6.71,2.37,2.83,0.96,17.8,6.3,11.5,0.278,74.9,3.39,4.02,-0.89,70.37,62.33,88.89,0.245,0.3,0.385,0.685,2693,96.2,16.9,4.02,13,46.4,3,10.7,6,0,0,92,5.2,15,11,57.7,0,0,4,1,25,5.7,96.18,3.03,5.87,0,0,0,0,0,0,0,0,0,0,0,0,0,13,10,0,0,0,4,1,25,0,0,0,479,44.6,5.6,45,50.6,4.8,0.9,6.7,12,1.122271,1.0639,0.939937964,78.35787898,73.65154524,0.196857482,78.12389878,73.43161837,0.194561029,78.12389878,73.43161837,0.194561029,74.20269,69.74592549,0.153993748
레예스,Samsung,24,5.06,26,26,0,0,0,0,11,4,0,0,144,61,65,62.55,617,159,21,3,15,30,7,0,114,5,0,4,3.81,4.06,3.91,3.72,4.26,1.31,7.13,1.88,3.8,0.94,18.5,4.9,13.6,0.323,74.9,3.12,3.77,-0.44,73.22,64.8,83.07,0.278,0.32,0.404,0.724,2429,93.4,16.9,3.94,12,46.2,2,7.7,5,0,0,115,7.2,17,9,65.4,0,0,18,5,27.8,5.54,93.42,2.5,5.06,0,0,0,0,0,0,0,0,0,0,0,0,0,13,9,0,0,0,18,5,27.8,0,0,0,446,47,5.4,44.6,50,3,0.9,6.4,11.3,1.122271,1.0639,0.939937964,81.65396524,76.74966184,0.212016321,81.46373394,76.57085623,0.209780251,81.46373394,76.57085623,0.209780251,77.168365,72.53347634,0.169871909
이승현,Samsung,24,2.7,17,17,0,0,0,0,6,4,0,0,87.1,41,44,41.9,384,88,11,1,9,37,6,0,68,3,0,4,4.23,4.53,4.32,4.11,5.01,1.43,7.01,3.81,1.84,0.93,17.7,9.6,8.1,0.304,73.7,3.87,4.43,-0.78,81.15,71.64,97.69,0.264,0.345,0.384,0.729,1528,89.9,17.5,3.98,5,29.4,0,0,7,0,0,46,4.7,10,7,58.8,0,0,7,3,42.9,5.14,89.88,1.14,2.7,0,0,0,0,0,0,0,0,0,0,0,0,0,9,5,0,0,0,7,3,42.9,0,0,0,260,50.9,5.1,41.4,46.5,2.6,1.1,7.1,10.2,1.122271,1.0639,0.939937964,92.95629413,87.37314986,0.263996208,92.77760058,87.20518901,0.261336165,92.77760058,87.20518901,0.261336165,85.59684,80.45571943,0.214997776
켈리,LG,22,6.14,27,27,0,0,0,0,16,4,0,0,166.1,47,50,50,664,144,10,4,10,35,2,0,153,5,0,3,2.54,2.71,2.71,2.93,2.89,1.08,8.28,1.89,4.37,0.54,23,5.3,17.8,0.29,78.4,2.25,3.27,-0.35,65.71,67.52,74.66,0.232,0.273,0.309,0.582,2515,93.1,15.1,3.79,19,70.4,8,29.6,3,0,0,104,5.6,18,8,69.2,0,0,4,0,0,6.16,93.15,3.19,6.14,0,0,0,0,0,0,0,0,0,0,0,0,0,17,5,0,0,0,4,0,0,0,0,0,462,50.8,3.6,42.6,46.2,3,1.1,4.6,10.4,0.860915,0.945,1.058201058,53.47465422,56.58693569,0.113361697,53.38648734,56.4936374,0.112444632,53.38648734,56.4936374,0.112444632,61.818375,65.41626945,0.129331606
플럿코,LG,22,5.94,28,28,0,0,0,0,15,5,0,0,162,43,53,50.6,644,125,18,2,13,38,2,2,149,10,0,5,2.39,2.94,2.81,2.95,3.19,1.01,8.28,2.11,3.92,0.72,23.1,5.9,17.2,0.256,76.2,2.33,3.33,-0.8,61.72,68.16,82.32,0.21,0.258,0.313,0.571,2578,92.1,15.9,4,18,64.3,4,14.3,5,0,1,124,6.9,20,8,71.4,0,0,12,5,41.7,5.79,92.07,3.06,5.94,0,0,0,0,0,0,0,0,0,0,0,0,0,17,6,0,0,0,12,5,41.7,0,0,0,438,34.9,6.8,55.4,62.2,2.9,0.6,4.6,8.8,0.860915,0.945,1.058201058,57.90002608,61.26986887,0.136274918,57.84080309,61.20719904,0.135296275,57.84080309,61.20719904,0.135296275,59.40161,62.85884797,0.114764285
김윤식,LG,22,3.23,23,23,0,0,0,0,8,5,0,0,114.1,42,46,43.6,483,125,22,1,5,27,1,2,81,8,0,4,3.31,3.62,3.43,3.64,3.29,1.33,6.38,2.13,3,0.39,16.8,5.6,11.2,0.331,73.3,2.85,4.06,0.01,85.42,83.9,85.08,0.28,0.321,0.368,0.689,1793,78,15.7,3.71,11,47.8,1,4.3,7,0,0,67,5.3,16,7,69.6,0,0,16,6,37.5,4.97,77.96,1.2,3.23,0,0,0,0,0,0,0,0,0,0,0,0,0,12,8,0,0,0,16,6,37.5,0,0,0,363,52.1,6.7,37.7,44.4,3.5,1.2,3,6.4,0.860915,0.945,1.058201058,74.58373843,78.92459093,0.222658077,74.40178854,78.73205137,0.220257861,74.40178854,78.73205137,0.220257861,72.01617,76.2075838,0.190799982
임찬규,LG,22,1.16,23,23,0,0,0,0,6,11,0,0,103.2,58,60,55.7,459,113,13,3,10,39,7,0,75,5,0,3,5.04,5.21,4.84,5.22,4.5,1.47,6.51,3.39,1.92,0.87,16.3,8.5,7.8,0.319,68.3,3.45,4.46,0.54,130.11,120.35,116.25,0.281,0.35,0.403,0.753,1692,73.6,16.3,3.69,3,13,0,0,11,0,0,46,4,10,13,43.5,0,0,18,9,50,4.51,73.57,-0.69,1.16,0,0,0,0,0,0,0,0,0,0,0,0,0,8,14,0,0,0,18,9,50,0,0,0,323,43.2,4.7,48.8,53.6,3.3,0.8,5.5,8,0.860915,0.945,1.058201058,105.6102951,111.756926,0.383304096,105.6140673,111.7609177,0.380383882,105.6140673,111.7609177,0.380383882,121.78839,128.8766044,0.490807844
이민호,LG,22,0.69,26,26,0,0,0,0,12,8,0,0,119.1,73,77,72.9,540,146,23,5,14,43,7,0,73,3,0,9,5.51,5.81,5.5,5.79,4.95,1.58,5.51,3.24,1.7,1.06,13.5,8,5.6,0.333,67.6,3.65,4.73,0.56,142.26,133.62,127.89,0.305,0.367,0.462,0.829,2103,80.9,17.6,3.89,5,19.2,0,0,12,0,0,72,5.4,17,8,68,0,0,24,8,33.3,4.59,80.88,-1.43,0.69,0,0,0,0,0,0,0,0,0,0,0,0,0,11,12,0,0,0,24,8,33.3,0,0,0,397,45.6,4.1,48,52,2.4,0.9,6.5,4.8,0.860915,0.945,1.058201058,118.6506027,125.5561933,0.45082282,118.5253382,125.4236384,0.446621611,118.5253382,125.4236384,0.446621611,139.61133,147.7368552,0.598237666
플럿코,LG,23,4.97,21,21,0,0,0,0,11,3,0,0,123.1,33,37,37,510,115,21,3,5,31,3,1,101,6,0,2,2.41,2.7,2.7,2.74,3.14,1.18,7.37,2.26,3.26,0.37,19.8,6.1,13.7,0.301,78.9,2.74,3.75,-0.73,60.51,61.44,78.87,0.244,0.295,0.333,0.628,1972,93.9,16,3.87,15,71.4,3,14.3,3,0,0,76,5.5,14,5,73.7,0,0,6,0,0,5.87,93.9,2.77,4.97,0,0,0,0,0,0,0,0,0,0,0,0,0,12,5,0,0,0,6,0,0,0,0,0,365,38.7,10.4,48,58.4,2.9,0.7,2.3,13,0.879993,0.9572,1.044713748,56.0530426,58.55938424,0.123012731,55.7474976,58.24017719,0.120911966,55.7474976,58.24017719,0.120911966,62.526894,65.32270541,0.128798656
켈리,LG,23,3.93,30,30,0,0,0,0,10,7,0,0,178.2,76,87,81.9,746,183,31,3,10,39,6,1,129,7,0,6,3.83,4.38,4.13,4.27,3.49,1.24,6.5,1.97,3.31,0.5,17.3,5.2,12.1,0.311,65.9,2.9,3.95,0.34,96.19,95.91,87.72,0.266,0.308,0.363,0.671,2743,91.4,15.4,3.68,18,60,9,30,2,3,0,111,5.6,20,10,66.7,2,1,16,11,68.8,5.96,91.43,0.76,3.93,0,0,0,0,0,0,0,0,0,0,0,0,0,14,13,0,0,0,16,11,68.8,0,0,0,556,43.4,5.6,47.4,53,3.7,0.8,3.3,8.7,0.879993,0.9572,1.044713748,87.56304517,91.47831715,0.284082467,87.70957789,91.63140189,0.282794724,87.70957789,91.63140189,0.282794724,84.42871,88.20383508,0.259131796
엔스,LG,24,4.33,30,30,0,0,0,0,13,6,0,0,167.2,78,84,83.65,714,169,29,3,16,50,6,0,157,9,0,4,4.19,4.51,4.49,4.64,4.03,1.31,8.43,2.68,3.14,0.86,22,7,15,0.321,69.5,2.99,3.6,0.16,87.84,88.25,85.91,0.263,0.319,0.392,0.711,2906,96.9,17.3,4.07,13,43.3,1,3.3,5,0,0,115,6.2,19,11,63.3,0,0,8,1,12.5,5.59,96.87,1.35,4.33,0,0,0,0,0,0,0,0,0,0,0,0,0,14,13,0,0,0,8,1,12.5,0,0,0,476,48.7,6,42.9,48.9,2.4,1,6.5,9.5,0.919056,0.9735,1.027221366,88.61312776,91.02529816,0.281865881,88.56571304,90.97659275,0.279620168,88.56571304,90.97659275,0.279620168,88.03523,90.43167185,0.271821771
켈리,LG,24,2.2,19,19,0,2,2,1,5,8,0,0,113.2,57,65,65,495,131,18,1,13,25,6,0,69,4,0,9,4.51,5.15,5.15,5.28,4.89,1.37,5.46,1.98,2.76,1.03,13.9,5.1,8.9,0.313,67.4,3.65,4.33,-0.37,94.69,100.36,104.22,0.29,0.331,0.421,0.752,1813,95.4,16,3.66,11,57.9,3,15.8,2,0,0,47,3.7,10,9,52.6,0,0,2,0,0,5.98,95.42,0.18,2.2,0,0,0,0,0,0,0,0,0,0,0,0,0,4,11,0,0,0,2,0,0,0,0,0,377,41,4.3,49.1,53.4,5.6,0.8,6.2,6.1,0.919056,0.9735,1.027221366,104.2011532,107.0376509,0.360213057,104.2594676,107.0975527,0.357775596,104.2594676,107.0975527,0.357775596,95.73502,98.34106163,0.316874424
고영표,KT,22,6.13,28,28,0,1,1,1,13,8,0,0,182.1,66,69,67.45,758,191,31,3,7,23,16,1,156,7,0,1,3.26,3.41,3.33,3.21,2.75,1.17,7.7,1.14,6.78,0.35,20.6,3,17.5,0.335,73.2,2.36,3.29,0.51,76.5,67.3,64.53,0.269,0.306,0.351,0.657,2617,93.5,14.4,3.45,21,75,13,46.4,0,0,0,79,3.9,16,11,59.3,0,0,11,3,27.3,6.51,93.46,2.89,6.13,0,0,0,0,0,0,0,0,0,0,0,0,0,17,9,0,0,0,11,3,27.3,0,0,0,550,57.7,3.6,35.9,39.4,2.8,1.5,3.2,6.3,1.074227,1.058,0.945179584,66.95135405,63.28105298,0.146115483,66.95703668,63.28642409,0.145376489,66.95703668,63.28642409,0.145376489,74.49465,70.410824,0.157781075
소형준,KT,22,5.39,27,27,0,0,0,0,13,6,0,0,171.1,58,68,66.6,703,158,16,6,8,39,5,1,117,11,0,6,3.05,3.57,3.5,3.39,3.41,1.15,6.15,2.05,3,0.42,16.6,5.5,11.1,0.285,70.2,2.92,4.07,-0.36,71.54,71.08,80.08,0.243,0.291,0.324,0.615,2499,92.6,14.6,3.55,18,66.7,11,40.7,1,0,0,92,4.8,16,10,61.5,0,0,6,3,50,6.35,92.56,2.34,5.39,0,0,0,0,0,0,0,0,0,0,0,0,0,13,10,0,0,0,6,3,50,0,0,0,526,58.3,4.1,34.5,38.6,3.1,1.5,3.8,13.9,1.074227,1.058,0.945179584,73.01426468,69.01159233,0.174154559,73.08385986,69.07737227,0.17345137,73.08385986,69.07737227,0.17345137,71.0076,67.11493278,0.139007358
벤자민,KT,22,3.48,17,17,0,0,0,0,5,4,0,0,96.2,29,34,34,385,75,9,1,11,24,4,2,77,6,1,3,2.7,3.17,3.17,3.02,4.04,1.02,7.17,2.23,3.21,1.02,20,6.2,13.8,0.242,78.4,2.77,3.75,-1.34,63.4,63.32,94.98,0.216,0.27,0.342,0.612,1449,85.2,15,3.76,11,64.7,4,23.5,4,0,0,40,3.7,12,5,70.6,0,0,6,0,0,5.69,85.24,1.76,3.48,0,0,0,0,0,0,0,0,0,0,0,0,0,8,4,0,0,0,6,0,0,0,0,0,265,43.6,7.1,46.1,53.2,3.2,0.8,7.4,5.3,1.074227,1.058,0.945179584,64.42793841,60.89597203,0.134445471,64.24383733,60.72196345,0.132943822,64.24383733,60.72196345,0.132943822,65.30877,61.72851534,0.1083258
쿠에바스,KT,23,5.19,18,18,0,0,0,0,12,0,0,0,114.1,33,33,31.65,460,95,10,2,4,24,2,1,100,2,0,5,2.6,2.6,2.49,2.39,2.78,1.04,7.87,1.89,4.17,0.32,21.7,5.2,16.5,0.28,76.5,2.44,3.42,-0.19,59.79,49.15,64.08,0.224,0.266,0.285,0.551,1666,92.6,14.6,3.62,14,77.8,10,55.6,1,0,0,74,5.8,14,4,77.8,1,1,7,3,42.9,6.35,92.56,3.16,5.19,0,0,0,0,0,0,0,0,0,0,0,0,0,11,3,0,0,0,7,3,42.9,0,0,0,325,40.7,4.2,51.5,55.7,3.6,0.7,2.2,5.3,1.101362,1.0741,0.93101201,51.89514471,48.31500299,0.072887784,51.90074188,48.32021402,0.072819361,51.90074188,48.32021402,0.072819361,58.449936,54.41759232,0.066682072
벤자민,KT,23,3.66,29,29,0,0,0,0,15,6,0,0,160,63,79,76.95,684,149,23,1,12,45,3,1,157,13,0,11,3.54,4.44,4.33,4.23,3.14,1.21,8.83,2.53,3.49,0.68,23,6.6,16.4,0.298,65.6,2.39,3.44,0.4,81.57,87.05,72.37,0.24,0.292,0.338,0.63,2636,90.9,16.5,3.85,11,37.9,5,17.2,10,0,2,122,6.9,20,8,71.4,0,2,11,4,36.4,5.52,90.9,0.81,3.66,0,0,0,0,0,0,0,0,0,0,0,0,0,15,11,0,0,0,11,4,36.4,0,0,0,459,48,5,43.8,48.9,3.1,1,5.1,11.4,1.101362,1.0741,0.93101201,85.73510601,79.82041338,0.227041266,86.00847608,80.0749242,0.226768193,86.00847608,80.0749242,0.226768193,84.32704,78.50948853,0.203911855
쿠에바스,KT,24,5.06,31,31,0,0,0,0,7,12,0,0,173.1,79,86,86,737,158,36,3,17,59,7,4,154,11,1,11,4.1,4.47,4.47,4.34,4.25,1.25,8,3.06,2.61,0.88,20.9,8,12.9,0.285,69,3.2,3.85,-0.15,81.28,78.01,85.66,0.24,0.306,0.381,0.687,2856,92.1,16.5,3.88,19,61.3,7,22.6,2,0,0,103,5.3,14,16,46.7,0,0,5,0,0,5.59,92.13,5.06,1.98,0,0,0,0,0,0,0,0,0,0,0,0,0,14,15,0,0,0,5,0,0,0,0,0,495,41.2,7.9,48,55.9,2.9,0.7,5.9,4.4,1.054767,1.0389,0.96255655,88.90982955,85.58073881,0.255226082,88.85268513,85.52573407,0.253194062,88.85268513,85.52573407,0.253194062,83.30603,80.18676511,0.213465786
엄상백,KT,24,3.93,29,29,0,0,0,0,13,10,0,0,156.2,85,88,85.4,675,164,26,3,26,42,7,0,159,3,0,2,4.88,5.06,4.91,4.74,4.61,1.31,9.13,2.41,3.79,1.49,23.6,6.2,17.3,0.317,70.6,2.75,3.32,0.28,96.75,85.15,92.76,0.266,0.318,0.445,0.763,2716,93.7,17.3,4.02,9,31,2,6.9,10,0,0,96,5.5,18,11,62.1,0,0,9,4,44.4,5.4,93.66,3.93,1.14,0,0,0,0,0,0,0,0,0,0,0,0,0,11,12,0,0,0,9,4,44.4,0,0,0,436,36.6,7.5,52.7,60.2,3.2,0.6,9.3,5.5,1.054767,1.0389,0.96255655,97.93994058,94.27273133,0.297755314,97.82568336,94.16275229,0.29506687,97.82568336,94.16275229,0.29506687,97.79662,94.13478028,0.292915036
벤자민,KT,24,3.19,28,28,0,0,0,0,11,8,0,0,149.2,77,90,86.65,639,141,25,4,28,48,4,2,156,12,0,4,4.63,5.41,5.21,5.11,4.88,1.26,9.38,2.89,3.25,1.68,24.4,7.5,16.9,0.285,66.9,2.75,3.37,-0.25,91.74,91.72,98.18,0.244,0.305,0.447,0.752,2507,89.5,16.8,3.92,10,35.7,5,17.9,7,0,0,105,6.3,16,12,57.1,0,0,17,6,35.3,5.35,89.54,3.19,0.53,0,0,0,0,0,0,0,0,0,0,0,0,0,12,13,0,0,0,17,6,35.3,0,0,0,397,45.5,3.9,47.1,51,3.5,0.9,12.7,7.8,1.054767,1.0389,0.96255655,104.4416992,100.5310416,0.328376732,104.3793682,100.4710446,0.325649867,104.3793682,100.4710446,0.325649867,94.69389,91.14822739,0.275903341
곽빈,Doosan,22,3.27,27,27,0,0,0,0,8,9,0,0,147.2,62,69,64.85,645,143,30,0,13,60,11,1,138,7,1,9,3.78,4.21,3.95,4.13,3.99,1.37,8.41,3.66,2.3,0.79,21.4,9.3,12.1,0.313,74,3.03,3.95,-0.21,97.64,95.27,102.99,0.253,0.335,0.375,0.71,2565,95,17.4,3.98,10,37,4,14.8,11,0,0,61,3.7,10,17,37,0,0,23,7,30.4,5.47,95,0.64,3.27,0,0,0,0,0,0,0,0,0,0,0,0,0,10,6,0,0,0,23,7,30.4,0,0,0,416,37.6,8.5,51.6,60.1,2.3,0.6,5,6.3,0.831615,0.9085,1.100715465,84.73784041,93.27225142,0.292860045,84.54167123,93.05632497,0.28970284,84.54167123,93.05632497,0.28970284,79.68778,87.71357434,0.256339223
최원준,Doosan,22,3.23,30,30,0,0,0,0,8,13,0,0,165,66,80,76.7,713,183,31,2,21,37,7,0,113,10,1,1,3.6,4.36,4.18,4.35,4.41,1.33,6.16,2.02,3.05,1.15,15.8,5.2,10.7,0.306,74.2,3.02,4.12,-0.81,93.02,100.43,114.03,0.279,0.321,0.428,0.749,2755,91.8,16.7,3.86,16,53.3,2,6.7,6,0,0,79,4.3,10,20,33.3,0,0,20,6,30,5.5,91.83,0.29,3.23,0,0,0,0,0,0,0,0,0,0,0,0,0,13,13,0,0,0,20,6,30,0,0,0,529,32,7.4,58.3,65.6,2.3,0.5,5.8,6.6,0.831615,0.9085,1.100715465,89.15116335,98.13006423,0.316628939,88.89047318,97.84311853,0.312909517,88.89047318,97.84311853,0.312909517,92.8962,102.2522863,0.33915314
스탁,Doosan,22,2.53,29,29,0,0,0,0,9,10,0,0,165,66,87,83.95,722,162,24,2,9,83,10,0,138,9,0,12,3.6,4.75,4.58,4.74,4.09,1.48,7.53,4.53,1.66,0.49,19.1,11.5,7.6,0.319,69.4,3.51,4.49,-0.49,93.02,109.5,105.67,0.26,0.355,0.348,0.703,2876,99.2,17.4,3.98,15,51.7,8,27.6,4,0,0,102,5.6,16,13,55.2,0,0,12,6,50,5.69,99.17,-0.4,2.53,0,0,0,0,0,0,0,0,0,0,0,0,0,10,12,0,0,0,12,6,50,0,0,0,479,56.4,4.1,36.3,40.3,3.3,1.4,4.5,15.4,0.831615,0.9085,1.100715465,96.54337899,106.2667903,0.356441296,96.5642252,106.289736,0.35385925,96.5642252,106.289736,0.35385925,95.43111,105.0424948,0.355046439
알칸타라,Doosan,23,6.08,31,31,0,0,0,0,13,9,0,0,192,57,67,67,777,171,33,0,16,35,5,1,162,11,0,3,2.67,3.14,3.14,3.34,3.38,1.07,7.59,1.64,4.63,0.75,20.8,4.5,16.3,0.282,76.2,2.45,3.44,-0.71,67.13,74.85,84.86,0.236,0.275,0.348,0.623,2988,96.4,15.6,3.85,22,71,10,32.3,2,1,0,107,5,17,14,54.8,1,0,7,0,0,6.19,96.39,2.66,6.08,0,0,0,0,0,0,0,0,0,0,0,0,0,20,8,0,0,0,7,0,0,0,0,0,549,45.9,5.7,45.9,51.7,2.4,0.9,5.4,9.4,0.909961,0.9494,1.053296819,62.67881292,66.01939427,0.159513971,62.53627988,65.86926467,0.157898262,62.53627988,65.86926467,0.157898262,66.334755,69.87018637,0.15470155
곽빈,Doosan,23,4.42,23,23,0,0,0,0,12,7,0,0,127.1,41,44,40.75,526,96,18,1,7,58,5,0,106,3,1,4,2.9,3.11,2.88,3.1,3.96,1.21,7.49,4.1,1.83,0.5,20.2,11,9.1,0.26,77.2,3.38,4.3,-1.06,72.81,69.56,99.4,0.212,0.306,0.303,0.609,2229,96.9,17.5,4.24,13,56.5,5,21.7,5,1,0,66,4.7,15,8,65.2,1,0,8,6,75,5.54,96.91,2.15,4.42,0,0,0,0,0,0,0,0,0,0,0,0,0,14,6,0,0,0,8,6,75,0,0,0,343,36.7,5.3,54.1,59.4,3.9,0.6,3.3,11.5,0.909961,0.9494,1.053296819,65.30384317,68.78433028,0.173042584,65.06748943,68.53537964,0.170823755,65.06748943,68.53537964,0.170823755,61.7914,65.08468602,0.127442875
브랜든,Doosan,23,3.72,18,18,0,0,0,0,11,3,0,0,104.2,29,34,33.5,427,80,13,0,4,30,12,0,100,3,0,3,2.49,2.92,2.88,3.03,3.16,1.05,8.6,2.58,3.33,0.34,23.4,7,16.4,0.278,75.9,2.76,3.43,-0.67,62.66,67.98,79.39,0.213,0.291,0.28,0.571,1729,96.1,16.5,4.05,13,72.2,5,27.8,2,0,1,63,5.4,13,4,76.5,0,1,2,1,50,5.81,96.06,1.86,3.72,0,0,0,0,0,0,0,0,0,0,0,0,0,12,4,0,0,0,2,1,50,0,0,0,273,52.3,6,40.4,46.3,1.4,1.1,3,11.3,0.909961,0.9494,1.053296819,57.52941545,60.5955503,0.132975531,57.59374023,60.66330338,0.132659435,57.59374023,60.66330338,0.132659435,60.605953,63.83605774,0.120330567
곽빈,Doosan,24,5,30,30,0,0,0,0,15,9,0,0,167.2,79,83,76.7,716,142,29,1,11,76,6,0,154,5,1,11,4.24,4.46,4.12,4.25,4.13,1.3,8.27,4.08,2.03,0.59,21.5,10.6,10.9,0.281,67.5,3.52,4.09,0.11,88.97,80.83,88.03,0.229,0.315,0.332,0.647,2892,96.4,17.2,4.04,17,56.7,3,10,3,0,0,128,6.9,19,11,63.3,0,0,20,12,60,5.59,96.4,5,2.02,0,0,0,0,0,0,0,0,0,0,0,0,0,16,10,0,0,0,20,12,60,0,0,0,464,41.3,9,44.8,53.8,5,0.8,4.3,8.5,0.918018,0.9538,1.048437828,89.08066512,93.39553902,0.293463282,89.16990079,93.48909708,0.291800947,89.16990079,93.48909708,0.291800947,89.02678,93.33904296,0.288382439
브랜든,Doosan,24,2.47,14,14,0,0,0,0,7,4,0,0,75,26,34,31.75,315,75,11,2,3,11,4,0,75,9,0,2,3.12,4.08,3.81,3.96,2.8,1.15,9,1.32,6.82,0.36,23.8,3.5,20.3,0.33,65.1,2.4,2.96,0.32,65.46,75.37,59.6,0.257,0.289,0.339,0.628,1274,91,17,4.04,10,71.4,0,0,2,0,0,47,5.6,7,6,53.8,0,0,5,4,80,5.36,91,2.47,1.14,0,0,0,0,0,0,0,0,0,0,0,0,0,5,4,0,0,0,5,4,80,0,0,0,218,55.1,3.6,39.1,42.7,2.2,1.3,3.1,12,0.918018,0.9538,1.048437828,77.13077249,80.86681956,0.232161248,77.44338036,81.19456947,0.232196304,77.44338036,81.19456947,0.232196304,67.32489,70.58596156,0.158778675
최원준,Doosan,24,1.42,24,24,0,0,0,0,6,7,0,0,110,79,79,70.35,490,125,24,2,21,34,10,1,72,3,0,1,6.46,6.46,5.76,5.94,6.07,1.45,5.89,2.78,2.12,1.72,14.7,6.9,7.8,0.296,64.3,3.94,4.47,0.39,135.61,113.04,129.52,0.283,0.346,0.489,0.835,1929,80.4,17.5,3.94,3,12.5,0,0,10,0,0,79,6.5,12,12,50,0,0,21,15,71.4,4.58,80.38,1.42,-0.54,0,0,0,0,0,0,0,0,0,0,0,0,0,7,12,0,0,0,21,15,71.4,0,0,0,351,34.8,7.2,54.8,62,3.2,0.6,9.1,8,0.918018,0.9538,1.048437828,129.3242577,135.5884438,0.499909828,129.3455993,135.6108191,0.496009704,129.3455993,135.6108191,0.496009704,131.04642,137.394021,0.539323877
알칸타라,Doosan,24,1.36,12,12,0,0,0,0,2,2,0,0,64.1,34,35,34.65,270,58,8,3,10,22,2,0,34,3,0,0,4.76,4.9,4.85,5.09,5.88,1.24,4.76,3.08,1.55,1.4,12.6,8.1,4.4,0.24,69.1,4.14,4.87,-1.13,99.79,96.86,125.46,0.238,0.306,0.418,0.724,1043,86.9,16.2,3.86,5,41.7,3,25,2,0,0,31,4.3,7,5,58.3,0,0,7,1,14.3,5.36,86.92,1.36,0.21,0,0,0,0,0,0,0,0,0,0,0,0,0,4,7,0,0,0,7,1,14.3,0,0,0,200,48.1,5.2,43.9,49.1,2.8,1,9.6,8.6,0.918018,0.9538,1.048437828,102.012674,106.9539463,0.359803496,101.8363582,106.7690901,0.356183188,101.8363582,106.7690901,0.356183188,103.366,108.3728217,0.374016304
김광현,SSG,22,7.39,28,28,0,0,0,0,13,3,0,0,173.1,41,48,48,694,141,16,2,10,45,5,2,153,9,0,1,2.13,2.49,2.49,2.44,3.14,1.07,7.94,2.34,3.4,0.52,22,6.5,15.6,0.276,80.8,2.53,3.53,-1.01,50.28,51.46,74.17,0.222,0.278,0.3,0.578,2634,94.1,15.2,3.8,19,67.9,8,28.6,5,0,0,105,5.5,20,7,74.1,0,0,4,0,0,6.19,94.07,4.31,7.39,0,0,0,0,0,0,0,0,0,0,0,0,0,19,4,0,0,0,4,0,0,0,0,0,475,49.3,4.3,42.8,47,3.7,1,4.3,5.7,1.068008,1.0285,0.972289742,50.6287263,49.22579125,0.077344199,50.44510771,49.04726077,0.07634413,50.44510771,49.04726077,0.07634413,50.799915,49.39223657,0.038057157
폰트,SSG,22,6.5,28,28,0,1,1,0,13,6,0,0,184,55,63,63,729,141,22,3,18,34,6,1,170,7,0,5,2.69,3.08,3.08,3.01,3.31,0.95,8.32,1.66,5,0.88,23.3,4.7,18.7,0.247,75.6,2.24,3.16,-0.62,63.54,63.39,78.24,0.207,0.249,0.327,0.576,2769,98.9,15,3.8,20,71.4,16,57.1,2,0,0,105,5.1,18,9,66.7,0,0,0,0,0,6.57,98.89,3.23,6.5,0,0,0,0,0,0,0,0,0,0,0,0,0,17,7,0,0,0,0,0,0,0,0,0,498,39.3,9.1,49.7,58.8,1.9,0.7,5.9,6.4,1.068008,1.0285,0.972289742,59.85899489,58.20028672,0.121255696,59.83186234,58.17390602,0.12059068,59.83186234,58.17390602,0.12059068,62.83009,61.0890516,0.104683353
모리만도,SSG,22,3.43,12,12,0,0,0,0,7,1,0,0,75.1,14,19,19,304,57,8,0,2,23,4,0,67,5,0,2,1.67,2.27,2.27,2.23,2.99,1.06,8,2.75,2.91,0.24,22,7.6,14.5,0.268,80.2,2.75,3.66,-1.32,39.5,47.01,70.57,0.209,0.279,0.26,0.539,1178,98.2,15.6,3.88,10,83.3,6,50,1,0,0,47,5.6,10,2,83.3,0,0,3,0,0,6.28,98.17,2.09,3.43,0,0,0,0,0,0,0,0,0,0,0,0,0,8,2,0,0,0,3,0,0,0,0,0,205,45.9,5.7,45.5,51.2,2.9,0.9,1.9,5.3,1.068008,1.0285,0.972289742,46.66659994,45.37345643,0.058495029,46.58238503,45.29157513,0.058136329,46.58238503,45.29157513,0.058136329,43.92823,42.71096771,0
노바,SSG,22,-0.27,12,12,0,0,0,0,3,4,0,0,63.2,46,50,49.15,291,78,10,2,5,25,5,0,32,8,1,9,6.5,7.07,6.95,6.98,4.92,1.62,4.52,3.53,1.28,0.71,11,8.6,2.4,0.329,57.4,4.07,5.11,1.58,153.59,147.28,116.27,0.304,0.374,0.416,0.79,1046,87.2,16.4,3.59,5,41.7,3,25,1,0,0,41,5.8,6,5,54.5,0,0,6,2,33.3,5.31,87.17,-1.4,-0.27,0,0,0,0,0,0,0,0,0,0,0,0,0,4,7,0,0,0,6,2,33.3,0,0,0,222,54.6,1.7,39.3,41,4.4,1.3,5.3,9,1.068008,1.0285,0.972289742,142.3132077,138.3696721,0.513518158,142.8560534,138.8974754,0.51194362,142.8560534,138.8974754,0.51194362,153.51147,149.2576321,0.60690016
김광현,SSG,23,4.19,30,30,0,0,0,0,9,8,0,0,168.1,66,75,72.75,713,163,30,0,11,70,2,0,119,9,0,5,3.53,4.01,3.89,3.89,4.19,1.38,6.36,3.74,1.7,0.59,16.7,9.8,6.9,0.301,72.7,3.48,4.58,-0.66,82.96,81.78,98.41,0.261,0.332,0.362,0.694,2798,93.3,16.6,3.92,16,53.3,6,20,5,2,0,73,3.9,13,15,46.4,2,3,8,4,50,5.61,93.27,1.2,4.19,0,0,0,0,0,0,0,0,0,0,0,0,0,15,11,0,0,0,8,4,50,0,0,0,505,46.2,5.2,46.7,51.9,1.9,0.9,4.1,7.4,1.040177,1.0207,0.9797198,83.81016592,82.110479,0.238246376,83.57766801,81.8826962,0.235532385,83.57766801,81.8826962,0.235532385,81.17075,79.52459438,0.209693997
맥카티,SSG,23,3.3,24,24,0,0,0,0,9,5,0,0,130,49,58,56.8,543,124,19,2,10,45,1,0,116,6,1,4,3.39,4.02,3.93,3.85,3.63,1.3,8.03,3.12,2.58,0.69,21.4,8.3,13.1,0.31,71.8,2.78,3.83,-0.24,79.76,80.87,85.36,0.252,0.315,0.36,0.675,2246,93.6,17.3,4.14,13,54.2,4,16.7,5,1,2,76,5.3,15,9,62.5,1,2,15,3,20,5.42,93.58,0.99,3.3,0,0,0,0,0,0,0,0,0,0,0,0,0,13,7,0,0,0,15,3,20,0,0,0,368,45.1,5.2,45.9,51.2,3.7,0.9,5.1,8.1,1.040177,1.0207,0.9797198,80.3430945,78.71372049,0.221626305,80.24274378,78.6154049,0.219692352,80.24274378,78.6154049,0.219692352,75.61239,74.07895426,0.178675101
김광현,SSG,24,3.42,31,31,0,0,0,0,12,10,0,0,162.1,89,95,94.65,709,162,29,0,24,73,6,1,154,6,0,8,4.93,5.27,5.25,5.08,5.1,1.45,8.54,4.05,2.11,1.33,21.7,10.3,11.4,0.309,70.5,3.43,4.03,-0.16,96.22,89.77,100.98,0.26,0.342,0.423,0.765,2757,88.9,17,3.89,13,41.9,1,3.2,7,0,0,103,5.7,14,17,45.2,0,0,9,1,11.1,5.24,88.94,0.53,3.42,0,0,0,0,0,0,0,0,0,0,0,0,0,13,14,0,0,0,9,1,11.1,0,0,0,447,46.2,3.2,44.3,47.5,6.3,1,10.6,5.6,1.093183,1.052,0.950570342,104.793214,99.61332127,0.323886399,104.6424123,99.46997362,0.320796612,104.6424123,99.46997362,0.320796612,97.26847,92.46052354,0.283378307
반즈,Lotte,22,5.1,31,31,0,0,0,0,12,12,0,0,186.1,75,87,80.15,788,176,27,5,8,47,18,1,160,10,0,7,3.62,4.2,3.87,3.75,3.21,1.2,7.73,2.27,3.4,0.39,20.3,6,14.3,0.308,67,2.78,3.68,0.41,85.49,79.09,75.83,0.249,0.309,0.335,0.644,2945,95,15.8,3.74,18,58.1,10,32.3,3,0,0,94,4.5,13,18,41.9,0,0,25,14,56,6.01,95,1.79,5.1,0,0,0,0,0,0,0,0,0,0,0,0,0,14,13,0,0,0,25,14,56,0,0,0,546,49.6,5,42.3,47.2,3.2,1,3,9.1,1.129367,1.06,0.943396226,82.60038187,77.92488856,0.217766613,82.82439065,78.13621759,0.217369222,82.82439065,78.13621759,0.217369222,83.30983,78.59417897,0.20439426
박세웅,Lotte,22,3.31,28,28,0,0,0,0,10,11,0,0,157.1,68,80,77.45,679,179,32,4,8,32,8,1,146,12,0,8,3.89,4.58,4.43,4.31,2.84,1.34,8.35,1.83,4.56,0.46,21.5,4.7,16.8,0.359,66.8,2.3,3.39,1.05,91.8,90.86,66.97,0.284,0.326,0.386,0.712,2599,92.8,16.5,3.83,13,46.4,4,14.3,6,0,0,92,5.3,11,15,42.3,0,0,13,5,38.5,5.62,92.82,0.52,3.31,0,0,0,0,0,0,0,0,0,0,0,0,0,14,11,0,0,0,13,5,38.5,0,0,0,477,56,4.9,35.7,40.6,3.4,1.4,4,8.4,1.129367,1.06,0.943396226,88.84997318,83.82072941,0.246614496,88.97906594,83.94251504,0.245518517,88.97906594,83.94251504,0.245518517,90.62621,85.49642743,0.243710138
스파크맨,Lotte,22,0.92,19,19,0,0,0,0,2,4,0,0,84.2,50,55,51.5,386,97,14,1,6,43,4,1,89,8,0,5,5.31,5.85,5.47,5.28,3.68,1.65,9.46,4.57,2.07,0.64,23.1,11.1,11.9,0.379,65.4,2.91,3.97,1.63,125.43,111.25,86.94,0.291,0.377,0.393,0.77,1552,81.7,18.3,4.02,5,26.3,0,0,8,0,0,37,3.9,9,9,50,0,0,15,7,46.7,4.46,81.68,-0.58,0.92,0,0,0,0,0,0,0,0,0,0,0,0,0,5,8,0,0,0,15,7,46.7,0,0,0,240,48.8,5.6,40.8,46.4,4.8,1.1,5.2,14.4,1.129367,1.06,0.943396226,114.6180429,108.1302291,0.365558955,114.7889054,108.2914202,0.36356354,114.7889054,108.2914202,0.36356354,122.69029,115.7455588,0.416012132
반즈,Lotte,23,5.49,30,30,0,0,0,0,11,10,0,0,170.1,62,68,65.4,734,171,34,1,6,56,15,1,147,7,0,7,3.28,3.59,3.46,3.41,3.4,1.33,7.77,2.96,2.63,0.32,20,7.6,12.4,0.329,74.4,3.05,3.91,-0.13,75.97,70.54,78.92,0.263,0.334,0.347,0.681,2757,91.9,16.2,3.76,18,60,7,23.3,5,3,0,86,4.5,17,13,56.7,4,1,22,4,18.2,5.68,91.9,2.46,5.49,0,0,0,0,0,0,0,0,0,0,0,0,0,16,11,0,0,0,22,4,18.2,0,0,0,501,47.5,4.5,45,49.4,3.1,1,2.4,8.8,1.1084,1.0457,0.956297217,73.04749637,69.8551175,0.178281861,72.88268638,69.69751017,0.176457837,72.88268638,69.69751017,0.176457837,74.51051,71.25419652,0.162585007
박세웅,Lotte,23,4.21,27,27,0,0,0,0,9,7,0,0,154,59,70,67.25,657,145,24,0,8,59,4,1,129,9,0,10,3.45,4.09,3.93,3.82,3.62,1.32,7.54,3.45,2.19,0.47,19.6,9,10.7,0.304,70.1,3.06,4.12,-0.17,79.96,79.17,83.98,0.248,0.32,0.33,0.65,2630,97.4,17.1,4,16,59.3,5,18.5,6,1,0,94,5.5,14,13,51.9,3,0,13,5,38.5,5.7,97.41,1.47,4.21,0,0,0,0,0,0,0,0,0,0,0,0,0,14,11,0,0,0,13,5,38.5,0,0,0,451,53.3,3.9,38.7,42.6,4.1,1.3,4,9.7,1.1084,1.0457,0.956297217,82.64708334,79.0351758,0.22319916,82.69122558,79.07738891,0.221932079,82.69122558,79.07738891,0.221932079,81.63197,78.06442887,0.201376752
나균안,Lotte,23,3.34,23,23,0,0,0,0,6,8,0,0,130.1,55,61,58.75,569,140,27,3,8,42,5,1,114,4,0,6,3.8,4.21,4.06,3.96,3.51,1.4,7.87,2.9,2.71,0.55,20,7.4,12.7,0.335,71.6,2.85,3.88,0.29,88.07,82.11,81.42,0.276,0.332,0.389,0.721,2208,96,16.9,3.88,12,52.2,5,21.7,5,0,0,45,3.1,9,14,39.1,3,3,9,4,44.4,5.67,96,1.02,3.34,0,0,0,0,0,0,0,0,0,0,0,0,0,9,12,0,0,0,9,4,44.4,0,0,0,394,44.1,3.9,48.8,52.7,3.2,0.8,3.7,7.1,1.1084,1.0457,0.956297217,84.68406472,80.98313544,0.232730373,84.50289478,80.80988312,0.23033132,84.50289478,80.80988312,0.23033132,86.35044,82.57668641,0.22707901
윌커슨,Lotte,23,2.92,13,13,0,0,0,0,7,2,0,0,79.2,20,28,27.5,327,67,15,2,3,20,2,0,81,5,1,3,2.26,3.16,3.11,3.04,2.61,1.09,9.15,2.26,4.05,0.34,24.8,6.1,18.7,0.296,71.8,2.23,3.16,-0.35,52.39,63.01,60.56,0.223,0.276,0.317,0.593,1296,99.7,16.3,3.96,11,84.6,3,23.1,1,2,0,52,5.9,9,4,69.2,0,0,1,1,100,6.13,99.69,1.51,2.92,0,0,0,0,0,0,0,0,0,0,0,0,0,9,1,0,0,0,1,1,100,0,0,0,216,43.8,6.3,46.4,52.7,3.6,0.8,2.5,7.5,1.1084,1.0457,0.956297217,61.11725118,58.44625722,0.12245921,61.10335313,58.43296656,0.121846621,61.10335313,58.43296656,0.121846621,53.438026,51.10263596,0.047799758
스트레일리,Lotte,23,1.63,16,16,0,0,0,0,3,5,0,0,80.1,39,43,41.8,364,82,8,1,6,37,10,0,70,4,0,4,4.37,4.82,4.68,4.45,4.37,1.48,7.84,4.15,1.89,0.67,19.2,10.2,9.1,0.318,71.1,3.56,4.31,0,101.32,92.08,101.41,0.264,0.356,0.354,0.71,1465,91.6,18.2,4.02,4,25,1,6.3,6,0,0,54,6.1,6,10,37.5,1,1,7,2,28.6,5.02,91.56,0.2,1.63,0,0,0,0,0,0,0,0,0,0,0,0,0,6,7,0,0,0,7,2,28.6,0,0,0,239,41.3,9.3,44.1,53.4,5.3,0.8,4.5,2.4,1.1084,1.0457,0.956297217,97.28652045,93.03482877,0.291698355,97.35103108,93.09652011,0.289897709,97.35103108,93.09652011,0.289897709,98.37506,94.07579711,0.292579062
윌커슨,Lotte,24,6.81,32,32,0,1,1,1,12,8,0,0,196.2,84,90,88.8,816,210,37,3,18,27,2,0,167,13,0,3,3.84,4.12,4.06,3.91,3.62,1.21,7.64,1.24,6.19,0.82,20.5,3.3,17.2,0.321,69.6,2.65,3.34,0.22,74.07,68.26,70.93,0.27,0.294,0.394,0.688,3124,97.6,15.9,3.83,18,56.3,9,28.1,3,0,0,118,5.4,18,13,58.1,0,0,10,2,20,6.15,97.63,3.32,6.81,0,0,0,0,0,0,0,0,0,0,0,0,0,11,11,0,0,0,10,2,20,0,0,0,599,41.6,8.1,47.3,55.3,3.1,0.8,5.2,7.1,1.117267,1.0561,0.94688003,80.49706914,76.22106726,0.20942995,80.48981099,76.21419467,0.208051134,80.48981099,76.21419467,0.208051134,74.52374,70.56504372,0.158659525
반즈,Lotte,24,6.43,25,25,0,0,0,0,9,6,0,0,150.2,56,59,55.9,624,140,17,4,18,46,5,0,171,8,0,6,3.35,3.52,3.34,3.18,3.83,1.23,10.22,2.75,3.72,1.08,27.4,7.4,20,0.322,79.5,2.49,3,-0.49,64.45,55.61,75.05,0.248,0.309,0.388,0.697,2396,95.8,15.9,3.84,17,68,8,32,2,0,0,79,4.7,13,12,52,0,0,12,5,41.7,6.03,95.84,3.75,6.43,0,0,0,0,0,0,0,0,0,0,0,0,0,13,7,0,0,0,12,5,41.7,0,0,0,379,52.7,5,38.3,43.3,4,1.2,10.3,7.1,1.117267,1.0561,0.94688003,67.83003591,64.22690646,0.150743469,67.4746131,63.89036369,0.148304426,67.4746131,63.89036369,0.148304426,66.210144,62.6930632,0.113819959
박세웅,Lotte,24,4.06,30,30,0,0,0,0,6,11,0,0,173.1,92,103,97.65,759,188,33,0,13,56,11,0,124,12,0,10,4.78,5.35,5.07,4.97,4.5,1.41,6.44,2.91,2.21,0.68,16.3,7.4,9,0.317,64.1,3.71,4.32,0.28,92.04,86.84,88.15,0.275,0.337,0.38,0.717,2926,97.5,16.9,3.86,14,46.7,5,16.7,2,0,0,84,4.4,11,18,37.9,0,0,18,11,61.1,5.78,97.53,0.98,4.06,0,0,0,0,0,0,0,0,0,0,0,0,0,12,14,0,0,0,18,11,61.1,0,0,0,552,51.6,4.6,40.8,45.4,3,1.1,5,5.9,1.117267,1.0561,0.94688003,107.0721034,101.3844365,0.332552325,107.3291919,101.6278685,0.331258222,107.3291919,101.6278685,0.331258222,94.65001,89.62220354,0.26721096
김민우,Hanwha,22,3.36,29,29,0,1,1,0,6,11,0,0,163,79,82,78,711,143,40,1,16,84,8,8,129,9,0,13,4.36,4.53,4.31,4.33,4.61,1.39,7.12,4.64,1.54,0.88,18.1,11.8,6.3,0.274,71.8,3.53,4.64,-0.25,107.54,95.43,113.64,0.237,0.336,0.386,0.722,2752,94.9,16.9,3.87,13,44.8,5,17.2,6,0,0,64,3.5,9,19,32.1,0,0,9,7,77.8,5.62,94.9,0.47,3.36,0,0,0,0,0,0,0,0,0,0,0,0,0,13,12,0,0,0,9,7,77.8,0,0,0,463,43.9,6.1,47.6,53.7,2.4,0.8,6.1,9.1,0.97482,0.9586,1.043187982,93.93769411,97.99467359,0.315966484,93.63343951,97.67727886,0.312105515,93.63343951,97.67727886,0.312105515,104.09206,108.5875822,0.375239601
페냐,Hanwha,22,1.52,13,13,0,0,0,0,5,4,0,0,67.2,28,33,30.95,293,63,10,2,4,30,4,0,72,4,0,4,3.72,4.39,4.12,4.16,3.39,1.37,9.58,3.99,2.4,0.53,24.6,10.2,14.3,0.328,70.3,2.75,3.68,0.34,91.82,91.7,83.46,0.247,0.334,0.349,0.683,1211,93.2,17.9,4.13,5,38.5,0,0,4,0,0,35,4.7,5,8,38.5,0,0,9,4,44.4,5.21,93.15,0.32,1.52,0,0,0,0,0,0,0,0,0,0,0,0,0,7,4,0,0,0,9,4,44.4,0,0,0,180,51.9,4.8,41.2,46,2.1,1.1,4.7,11.1,0.97482,0.9586,1.043187982,86.16283055,89.88402937,0.276281743,86.15890363,89.87993285,0.274303492,86.15890363,89.87993285,0.274303492,87.832535,91.62584476,0.278623896
라미레즈,Hanwha,22,1.33,13,13,0,0,0,0,2,6,0,0,65.1,30,33,30.95,285,52,6,0,4,37,7,0,47,4,1,0,4.13,4.55,4.26,4.36,4.8,1.36,6.47,5.1,1.27,0.55,16.5,13,3.5,0.257,70,4.15,4.98,-0.67,101.89,95.94,118.39,0.219,0.34,0.295,0.635,1164,89.5,17.8,4.08,6,46.2,1,7.7,1,0,0,31,4.3,3,9,25,0,0,5,4,80,5.03,89.54,0.17,1.33,0,0,0,0,0,0,0,0,0,0,0,0,0,6,6,0,0,0,5,4,80,0,0,0,187,50.8,6.2,41.5,47.7,1.6,1.1,4.3,19.2,0.97482,0.9586,1.043187982,94.4769044,98.55717129,0.31871874,94.64210091,98.72950231,0.317206761,94.64210091,98.72950231,0.317206761,99.28988,103.5780084,0.346704582
페냐,Hanwha,23,4.28,32,32,0,0,0,0,11,11,0,0,177.1,71,82,79.25,751,149,28,5,14,59,18,1,147,13,4,16,3.6,4.16,4.02,3.98,4.06,1.17,7.46,2.99,2.49,0.71,19.6,7.9,11.7,0.268,69.9,3.19,3.99,-0.46,86.63,85.48,97.67,0.225,0.305,0.346,0.651,2886,90.2,16.3,3.84,19,59.4,4,12.5,5,1,1,98,5,16,15,51.6,2,1,15,6,40,5.54,90.19,1.13,4.28,0,0,0,0,0,0,0,0,0,0,0,0,0,12,13,0,0,0,15,6,40,0,0,0,503,47.6,4.9,44.6,49.5,2.8,1,5.4,9.4,0.980365,0.9802,1.020199959,83.48853303,85.17499799,0.253240825,83.52791589,85.21517638,0.251688459,83.52791589,85.21517638,0.251688459,83.205864,84.88661901,0.24023661
문동주,Hanwha,23,3.08,23,23,0,0,0,0,8,8,0,0,118.2,49,52,49.95,503,113,20,2,6,42,4,0,95,2,1,5,3.72,3.94,3.79,3.82,3.65,1.31,7.21,3.19,2.26,0.46,18.9,8.3,10.5,0.302,70.9,3.11,4.14,0.07,89.35,82.01,87.78,0.249,0.317,0.341,0.658,2067,89.9,17.4,4.11,7,30.4,3,13,11,0,0,72,5.5,11,11,50,2,1,13,4,30.8,5.16,89.87,0.97,3.08,0,0,0,0,0,0,0,0,0,0,0,0,0,11,9,0,0,0,13,4,30.8,0,0,0,354,51.7,4.7,41.4,46.1,2.2,1.1,3.6,8.8,0.980365,0.9802,1.020199959,80.17364059,81.79314486,0.236693685,80.13091049,81.74955161,0.234886892,80.13091049,81.74955161,0.234886892,87.01577,88.77348496,0.262376577
산체스,Hanwha,23,2.59,24,24,0,0,0,0,7,8,0,0,126,53,62,60.8,540,136,23,0,13,28,6,2,99,7,0,3,3.79,4.43,4.34,4.29,3.92,1.3,7.07,2,3.54,0.93,18.3,5.2,13.1,0.316,71.1,2.76,3.82,-0.14,91.01,92.21,94.36,0.273,0.318,0.398,0.716,2125,88.5,16.9,3.94,8,33.3,2,8.3,9,0,2,84,6,12,11,52.2,3,0,8,3,37.5,5.25,88.54,0.35,2.59,0,0,0,0,0,0,0,0,0,0,0,0,0,10,10,0,0,0,8,3,37.5,0,0,0,389,51.1,5.2,40.3,45.5,3.4,1.1,7,11.8,0.980365,0.9802,1.020199959,88.45757562,90.24441504,0.278045081,88.41775265,90.20378765,0.27587356,88.41775265,90.20378765,0.27587356,89.07016,90.86937351,0.274314962
김민우,Hanwha,23,-0.28,12,12,0,0,0,0,1,6,0,0,51.2,40,43,42.5,243,65,16,2,6,28,2,0,43,2,0,5,6.97,7.49,7.4,7.34,4.95,1.8,7.49,4.88,1.54,1.05,17.7,11.5,6.2,0.367,59.8,3.65,4.66,2.02,167.52,157.62,119.02,0.313,0.396,0.495,0.891,959,79.9,18.6,3.95,2,16.7,0,0,4,0,0,30,5.2,2,8,20,0,0,4,1,25,4.31,79.92,-1.2,-0.28,0,0,0,0,0,0,0,0,0,0,0,0,0,1,7,0,0,0,4,1,25,0,0,0,161,42.4,4.7,50.6,55.3,2.4,0.8,6.4,12.3,0.980365,0.9802,1.020199959,149.0643319,152.0754254,0.580579325,149.1455891,152.1583239,0.576233048,149.1455891,152.1583239,0.576233048,163.51251,166.8154583,0.706911245
류현진,Hanwha,24,4.44,28,28,0,0,0,0,10,8,0,0,158.1,68,78,76.95,679,182,22,1,12,33,3,0,135,10,0,1,3.87,4.43,4.37,4.41,3.67,1.36,7.67,1.88,4.09,0.68,19.9,4.9,15,0.346,69.7,2.87,3.6,0.19,78.2,80.84,75.54,0.287,0.323,0.381,0.704,2599,92.8,16.4,3.83,16,57.1,5,17.9,3,0,0,96,5.5,16,11,59.3,0,0,5,2,40,5.65,92.82,1.62,4.44,0,0,0,0,0,0,0,0,0,0,0,0,0,16,10,0,0,0,5,2,40,0,0,0,492,51.4,4.7,40,44.7,3.9,1.1,5.3,12.1,1.00201,0.9853,1.014919314,87.09460532,88.39399707,0.268991133,87.18206379,88.48276037,0.267529912,87.18206379,88.48276037,0.267529912,80.35497,81.5538139,0.221252629
와이스,Hanwha,24,2.92,16,16,0,0,0,0,5,5,0,0,91.2,38,43,41.95,384,77,13,5,8,29,3,0,98,7,0,6,3.73,4.22,4.12,4.06,3.65,1.16,9.62,2.85,3.38,0.79,25.5,7.6,18,0.284,67.3,2.7,3.24,0.08,75.48,74.5,74.98,0.223,0.286,0.358,0.644,1463,91.4,16,3.81,11,68.8,3,18.8,2,0,0,51,5,8,8,50,0,0,11,2,18.2,5.73,91.44,1.29,2.92,0,0,0,0,0,0,0,0,0,0,0,0,0,7,7,0,0,0,11,2,18.2,0,0,0,243,49.6,5.9,41.7,47.6,2.8,1,6.6,7.8,1.00201,0.9853,1.014919314,81.11728899,82.32750329,0.239308258,81.16457452,82.37549428,0.237921502,81.16457452,82.37549428,0.237921502,75.699905,76.82929605,0.194341315
문동주,Hanwha,24,1.77,21,21,0,0,0,0,7,7,0,0,111.1,64,71,69.6,502,148,25,3,14,38,4,1,96,4,1,8,5.17,5.74,5.63,5.61,4.71,1.67,7.76,3.07,2.53,1.13,19.1,7.6,11.6,0.388,70,3.32,4.01,0.46,104.67,102.99,96.82,0.327,0.382,0.488,0.87,1899,90.4,17.1,3.78,7,33.3,2,9.5,5,0,0,83,6.7,11,10,52.4,0,0,5,2,40,5.3,90.43,-0.21,1.77,0,0,0,0,0,0,0,0,0,0,0,0,0,7,13,0,0,0,5,2,40,0,0,0,345,48.9,4.1,45.1,49.2,1.9,1,7.8,8.8,1.00201,0.9853,1.014919314,114.3047982,116.0101474,0.404114772,114.0603726,115.7620751,0.399781745,114.0603726,115.7620751,0.399781745,105.165276,106.7342693,0.364682951
루친스키,NC,22,5.69,31,31,0,0,0,0,10,12,0,0,193.2,64,77,75.1,797,184,34,2,14,34,8,1,194,10,0,9,2.97,3.58,3.49,3.49,2.8,1.13,9.02,1.58,5.71,0.65,24.3,4.3,20.1,0.318,72.3,2.01,2.99,0.18,71.97,75.43,67.67,0.249,0.288,0.357,0.645,2974,95.9,15.4,3.73,22,71,13,41.9,0,0,0,97,4.5,14,16,46.7,0,0,8,4,50,6.25,95.94,2.24,5.69,0,0,0,0,0,0,0,0,0,0,0,0,0,19,10,0,0,0,8,4,50,0,0,0,535,53.1,4.6,40.8,45.5,1.4,1.2,5.5,8.7,1.067985,1.0396,0.961908426,68.55746922,65.94600733,0.159154894,68.55076686,65.93956027,0.15823906,68.55076686,65.93956027,0.15823906,70.06338,67.39455308,0.140600102
구창모,NC,22,4.79,19,19,0,0,0,0,11,5,0,0,111.2,26,32,30.1,451,92,16,0,7,29,4,0,108,5,0,7,2.1,2.58,2.43,2.43,3.03,1.08,8.7,2.34,3.72,0.56,23.9,6.4,17.5,0.286,80.9,2.36,3.3,-0.93,50.71,52.43,73.28,0.224,0.281,0.314,0.595,1756,92.4,15.7,3.89,11,57.9,3,15.8,5,0,0,74,6,13,6,68.4,0,0,7,3,42.9,5.88,92.42,2.81,4.79,0,0,0,0,0,0,0,0,0,0,0,0,0,14,4,0,0,0,7,3,42.9,0,0,0,297,48.4,3.9,44.5,48.4,3.2,1,4.7,14.1,1.067985,1.0396,0.961908426,51.34811754,49.39218693,0.07815836,51.1263523,49.17886909,0.076982175,51.1263523,49.17886909,0.076982175,51.742645,49.77168648,0.040218541
페디,NC,23,8.47,30,30,0,0,0,0,20,6,0,0,180.1,40,46,44.95,708,137,16,0,9,35,4,0,209,13,0,5,2,2.3,2.24,2.25,2.22,0.95,10.43,1.75,5.97,0.45,29.5,4.9,24.6,0.287,79.8,1.67,2.45,-0.22,47.99,48.35,53.28,0.207,0.25,0.272,0.522,2904,96.8,16.1,4.1,21,70,8,26.7,7,1,1,130,6.5,20,10,66.7,1,0,5,2,40,6.01,96.8,5.26,8.47,0,0,0,0,0,0,0,0,0,0,0,0,0,20,6,0,0,0,5,2,40,0,0,0,446,55.9,4.6,38.7,43.3,0.9,1.3,4.5,15.3,1.031188,1.0191,0.981257973,41.60398878,40.82424568,0.036236101,41.647562,40.86700226,0.036685722,41.647562,40.86700226,0.036685722,49.504055,48.57624867,0.033409211
하트,NC,24,6.93,26,26,0,0,0,0,13,3,0,0,157,47,51,51,631,124,16,1,11,38,11,0,182,7,0,2,2.69,2.92,2.92,3,3.1,1.03,10.43,2.18,4.79,0.63,28.8,6,22.8,0.293,77.2,2.35,2.66,-0.41,55.74,56.24,65.23,0.215,0.275,0.303,0.578,2465,94.8,15.7,3.91,17,65.4,9,34.6,4,0,0,93,5.3,18,7,72,0,0,4,0,0,6.04,94.81,4.14,6.93,0,0,0,0,0,0,0,0,0,0,0,0,0,16,8,0,0,0,4,0,0,0,0,0,386,47.5,4.5,44.5,49,3.5,1,5.6,7.3,0.952113,0.9739,1.026799466,54.17607645,55.62796637,0.108669536,54.19507733,55.64747647,0.10834239,54.19507733,55.64747647,0.10834239,55.787525,57.28260106,0.08300144
카스타노,NC,24,2.26,19,19,0,0,0,0,8,6,0,0,111.2,54,65,63.45,476,117,23,4,11,25,7,0,89,7,1,0,4.35,5.24,5.11,5.2,4.27,1.27,7.17,2.02,3.56,0.89,18.7,5.3,13.4,0.312,62.7,3.19,3.79,0.08,90.05,97.56,89.72,0.269,0.316,0.416,0.732,1783,93.8,16,3.75,12,63.2,4,21.1,1,0,0,82,6.6,10,8,55.6,0,0,8,3,37.5,5.88,93.84,0.28,2.26,0,0,0,0,0,0,0,0,0,0,0,0,0,7,7,0,0,0,8,3,37.5,0,0,0,340,53.5,3.9,39.7,43.7,2.8,1.2,7.1,12,0.952113,0.9739,1.026799466,102.999349,105.7596765,0.353960029,103.1444405,105.9086564,0.352011752,103.1444405,105.9086564,0.352011752,93.07504,95.56940417,0.301086793
이재학,NC,24,1.45,21,21,0,0,0,0,3,12,0,0,104.1,64,68,66.25,462,108,27,3,17,42,4,0,97,3,0,2,5.52,5.87,5.71,5.86,5.18,1.44,8.37,3.62,2.31,1.47,21,9.1,11.9,0.31,66.2,3.36,3.97,0.34,114.22,110.01,108.93,0.266,0.339,0.473,0.812,1814,86.4,17.4,3.93,7,33.3,2,9.5,6,0,0,48,4.1,5,16,23.8,0,0,8,4,50,4.97,86.38,-0.41,1.45,0,0,0,0,0,0,0,0,0,0,0,0,0,7,10,0,0,0,8,4,50,0,0,0,294,36.1,5.6,53.6,59.2,4.7,0.6,9,6.5,0.952113,0.9739,1.026799466,116.0753324,119.1860894,0.419654405,115.9011749,119.0072645,0.415514627,115.9011749,119.0072645,0.415514627,113.74231,116.7905427,0.421964462
안우진,Kiwom,22,8.64,30,30,0,1,1,0,15,8,0,0,196,46,51,50.65,766,131,36,4,4,55,4,1,224,6,1,7,2.11,2.34,2.33,2.36,2.09,0.95,10.29,2.53,4.07,0.18,29.2,7.2,22.1,0.268,75.5,1.92,2.75,0.03,53.25,53.2,52.62,0.188,0.25,0.268,0.518,3003,100.1,15.3,3.92,24,80,15,50,2,0,0,77,3.5,17,13,56.7,0,0,7,1,14.3,6.53,100.1,5.16,8.64,0,0,0,0,0,0,0,0,0,0,0,0,0,23,5,0,0,0,7,1,14.3,0,0,0,474,43.5,5.6,47.6,53.2,3.3,0.8,1.6,6.9,0.920449,0.9634,1.03799045,43.54283413,45.19704602,0.057631867,43.51319105,45.16627678,0.057528875,43.51319105,45.16627678,0.057528875,52.796562,54.80232738,0.06887356
요키시,Kiwom,22,6.47,30,30,0,0,0,0,10,8,0,0,185.1,53,61,59.8,746,169,31,3,8,33,5,0,154,13,0,2,2.57,2.96,2.9,3.06,2.86,1.09,7.48,1.6,4.67,0.39,20.6,4.4,16.2,0.302,74.5,2.41,3.45,-0.28,64.88,68.93,72,0.244,0.282,0.331,0.613,2912,97.1,15.7,3.9,22,73.3,9,30,3,0,0,75,3.6,13,16,44.8,0,0,7,2,28.6,6.18,97.07,3.17,6.47,0,0,0,0,0,0,0,0,0,0,0,0,0,19,8,0,0,0,7,2,28.6,0,0,0,534,56.5,3.1,37.4,40.4,3.1,1.4,3.6,8.3,0.920449,0.9634,1.03799045,59.26070847,61.51204948,0.137459889,59.158057,61.40549824,0.136257642,59.158057,61.40549824,0.136257642,65.53863,68.02846961,0.144210952
정찬헌,Kiwom,22,0.58,20,20,0,0,0,0,5,6,0,0,87.1,52,55,53.8,390,106,21,0,13,28,6,2,42,6,0,3,5.36,5.67,5.54,5.64,5.56,1.53,4.33,2.89,1.5,1.34,10.8,7.2,3.6,0.31,69.7,3.88,4.97,-0.2,135.09,127.09,140.16,0.302,0.36,0.473,0.833,1395,69.8,16,3.58,5,25,0,0,9,0,0,60,6.2,11,9,55,0,0,11,3,27.3,4.37,69.75,-0.97,0.58,0,0,0,0,0,0,0,0,0,0,0,0,0,5,11,0,0,0,11,3,27.3,0,0,0,300,51,4.5,42.7,47.1,1.9,1.1,8.8,11.3,0.920449,0.9634,1.03799045,117.3896989,121.8493864,0.432685707,117.1810587,121.6328199,0.428243485,117.1810587,121.6328199,0.428243485,112.302315,116.5687303,0.420700997
안우진,Kiwom,23,6.61,24,24,0,0,0,0,9,7,0,0,150.2,40,44,41.25,608,121,25,1,5,38,1,1,164,5,0,8,2.39,2.63,2.46,2.5,2.33,1.06,9.8,2.27,4.32,0.3,27,6.3,20.7,0.294,75.8,1.99,2.91,0.06,58.79,54.9,57.22,0.217,0.265,0.292,0.557,2342,97.6,15.5,3.85,16,66.7,8,33.3,4,0,1,56,3.3,13,10,56.5,1,0,9,5,55.6,6.28,97.58,3.94,6.61,0,0,0,0,0,0,0,0,0,0,0,0,0,15,4,0,0,0,9,5,55.6,0,0,0,395,45.9,4.9,47.2,52.1,2,0.9,2.4,9.9,0.969429,0.9836,1.016673444,50.00074637,50.83443104,0.085215146,49.95627522,50.7892184,0.08478925,49.95627522,50.7892184,0.08478925,56.280205,57.21858964,0.082636825
후라도,Kiwom,23,6.61,30,30,0,0,0,0,11,8,0,0,183.2,54,64,62.95,763,164,19,0,7,41,9,0,147,15,0,5,2.65,3.14,3.08,3.13,3.15,1.12,7.2,2.01,3.59,0.34,19.3,5.4,13.9,0.283,73.5,2.75,3.73,-0.5,65.11,68.83,77.41,0.234,0.282,0.291,0.573,2797,93.2,15.2,3.67,20,66.7,7,23.3,6,1,1,96,4.7,13,15,46.4,1,2,8,2,25,6.12,93.23,3.34,6.61,0,0,0,0,0,0,0,0,0,0,0,0,0,20,7,0,0,0,8,2,25,0,0,0,555,52.5,4.9,39.9,44.9,2.7,1.2,2.8,9.8,0.969429,0.9836,1.016673444,63.19875438,64.2524953,0.150868674,63.33113101,64.38707911,0.150712534,63.33113101,64.38707911,0.150712534,61.76915,62.79905427,0.114423694
최원태,Kiwom,23,3.45,17,17,0,0,0,0,6,4,0,0,102.1,37,38,38,422,90,11,0,7,29,5,0,78,4,0,5,3.25,3.34,3.34,3.31,3.79,1.16,6.86,2.55,2.69,0.62,18.5,6.9,11.6,0.28,75.4,3.04,4.01,-0.53,80.07,72.82,93.2,0.237,0.299,0.322,0.621,1578,92.8,15.4,3.74,11,64.7,3,17.6,2,0,0,52,4.6,8,9,47.1,2,0,3,0,0,6.02,92.82,1.63,3.45,0,0,0,0,0,0,0,0,0,0,0,0,0,9,5,0,0,0,3,0,0,0,0,0,296,43.5,4.8,47.1,51.9,4.5,0.8,4.3,3.3,0.969429,0.9836,1.016673444,68.48375284,69.62561289,0.177158913,68.42442631,69.56529719,0.17581686,68.42442631,69.56529719,0.17581686,75.54424,76.8038256,0.194196233
정찬헌,Kiwom,23,0.95,14,14,0,1,1,0,2,8,0,0,72,38,40,39.5,295,71,12,3,4,13,2,1,35,3,0,0,4.75,5,4.94,5.15,3.9,1.17,4.38,1.63,2.69,0.5,11.9,4.4,7.5,0.282,57.5,3.31,4.51,0.85,116.88,113.25,95.91,0.261,0.295,0.371,0.666,1061,75.8,14.7,3.6,8,57.1,1,7.1,0,0,0,29,3.6,4,10,28.6,1,1,3,1,33.3,5.14,75.79,-0.33,0.95,0,0,0,0,0,0,0,0,0,0,0,0,0,7,7,0,0,0,3,1,33.3,0,0,0,238,46.9,4.1,45.7,49.8,3.3,0.9,3.3,7,0.969429,0.9836,1.016673444,101.4141077,103.1050301,0.340971054,101.7497874,103.4463068,0.340074126,101.7497874,103.4463068,0.340074126,113.70591,115.6017789,0.415193148
요키시,Kiwom,23,0.83,12,12,0,0,0,0,5,3,0,0,65.2,32,37,37,286,82,14,1,3,14,3,1,51,6,0,1,4.39,5.07,5.07,5.22,3.25,1.46,6.99,1.92,3.64,0.41,17.8,4.9,12.9,0.369,65.3,2.77,3.85,1.13,107.92,114.78,80.07,0.309,0.347,0.404,0.751,1100,91.7,16.8,3.85,6,50,2,16.7,2,0,0,52,7.1,7,5,58.3,0,0,1,0,0,5.47,91.67,-0.34,0.83,0,0,0,0,0,0,0,0,0,0,0,0,0,6,5,0,0,0,1,0,0,0,0,0,214,54.6,4.6,36.2,40.8,4.6,1.3,3.4,11,0.969429,0.9836,1.016673444,100.1582253,101.8282079,0.334723664,100.3212548,101.9939557,0.333033036,100.3212548,101.9939557,0.333033036,102.59791,104.3085685,0.350865923
맥키니,Kiwom,23,-0.16,12,12,0,0,0,0,1,9,0,0,59.1,43,46,44.8,268,61,14,1,10,36,1,0,39,2,1,3,6.52,6.98,6.8,7,6.14,1.63,5.92,5.46,1.08,1.52,14.6,13.4,1.1,0.282,61.9,4.22,5.27,0.38,160.49,153.86,151.2,0.269,0.367,0.471,0.838,1089,90.8,18.4,4.06,4,33.3,1,8.3,2,0,0,20,3,2,10,16.7,0,0,6,2,33.3,4.94,90.75,-1.22,-0.16,0,0,0,0,0,0,0,0,0,0,0,0,0,1,7,0,0,0,6,2,33.3,0,0,0,181,42.2,6.8,47.9,54.7,3.1,0.8,9.5,13.1,0.969429,0.9836,1.016673444,142.2127265,144.5839025,0.543923896,142.1511474,144.5212967,0.53920826,142.1511474,144.5212967,0.53920826,157.36711,159.990963,0.668038256
후라도,Kiwom,24,6.61,30,30,0,0,0,0,10,8,0,0,190.1,71,78,76.95,779,185,27,4,19,32,9,0,169,12,1,3,3.36,3.69,3.64,3.78,3.84,1.14,7.99,1.51,5.28,0.9,21.7,4.1,17.6,0.306,74.4,2.73,3.29,-0.48,71.44,72.92,82.93,0.254,0.293,0.381,0.674,2894,96.5,15.2,3.72,23,76.7,13,43.3,0,0,0,92,4.4,17,13,56.7,0,0,3,2,66.7,6.34,96.47,3.23,6.61,0,0,0,0,0,0,0,0,0,0,0,0,0,16,8,0,0,0,3,2,66.7,0,0,0,543,53.3,3,40.8,43.8,3,1.2,7.6,11.4,0.885446,0.9335,1.071237279,72.30349197,77.45419601,0.215463551,72.1880462,77.33052619,0.213463179,72.1880462,77.33052619,0.213463179,70.45352,75.47243892,0.186612525
헤이수스,Kiwom,24,5.09,30,30,0,0,0,0,13,11,0,0,171.1,70,78,75.75,728,171,31,2,22,44,14,1,178,8,1,6,3.68,4.1,3.98,4.24,4.11,1.25,9.35,2.31,4.05,1.16,24.5,6,18.4,0.318,76.3,2.75,3.19,-0.43,78.24,81.84,88.88,0.258,0.316,0.41,0.726,2832,94.4,16.5,3.89,20,66.7,3,10,2,0,0,117,6.1,15,15,50,0,0,12,4,33.3,5.71,94.4,2.04,5.09,0,0,0,0,0,0,0,0,0,0,0,0,0,16,11,0,0,0,12,4,33.3,0,0,0,468,45.3,4.9,47.2,52,2.6,0.9,8.6,11.1,0.885446,0.9335,1.071237279,79.58725916,85.25683895,0.253641266,79.35389943,85.0068553,0.250678505,79.35389943,85.0068553,0.250678505,77.08337,82.57457568,0.227066987
하영민,Kiwom,24,3.25,28,28,0,0,0,0,9,8,0,0,150.1,73,82,79.25,671,168,33,6,8,58,5,0,101,9,0,7,4.37,4.91,4.74,5.02,4.45,1.5,6.05,3.47,1.74,0.48,15.1,8.6,6.4,0.322,67.7,3.94,4.63,-0.08,92.99,96.78,96.27,0.28,0.345,0.396,0.741,2539,90.7,16.9,3.78,9,32.1,2,7.1,7,0,0,103,6.2,13,15,46.4,0,0,18,6,33.3,5.37,90.68,0.58,3.25,0,0,0,0,0,0,0,0,0,0,0,0,0,10,14,0,0,0,18,6,33.3,0,0,0,497,41.8,5.1,48.3,53.5,4.7,0.8,3,7.1,0.885446,0.9335,1.071237279,100.9551232,108.1468915,0.365640483,100.8734417,108.0593912,0.362438649,100.8734417,108.0593912,0.362438649,95.140205,101.9177347,0.337247502
브룩스,KIA,20,7.18,23,23,0,1,1,1,11,4,0,0,151.1,42,43,42.15,586,131,18,0,4,24,3,0,130,8,1,3,2.5,2.56,2.51,2.56,2.72,1.02,7.73,1.43,5.42,0.24,22.2,4.1,18.1,0.302,75.7,2.46,3.23,-0.22,51.86,48.56,56.37,0.238,0.272,0.292,0.564,2218,96.4,14.7,3.79,16,69.6,9,39.1,4,0,0,95,5.7,15,8,65.2,0,0,14,2,14.3,6.58,96.43,4.48,7.18,0,0,0,0,0,0,0,0,0,0,0,0,0,16,4,0,0,0,14,2,14.3,0,0,0,420,66.9,2.6,29.1,31.7,1.4,2.1,2.9,16,1.007964602,0.9947,1.00532824,50.34244071,50.6106773,0.084120337,50.35998589,50.62831597,0.084009185,50.35998589,50.62831597,0.084009185,53.156864,53.44009668,0.061114162
양현종,KIA,20,3.9,31,31,0,0,0,0,11,10,0,0,172.1,90,99,92.85,746,180,40,4,13,64,5,0,149,6,0,7,4.7,5.17,4.85,4.74,3.97,1.42,7.78,3.34,2.33,0.68,20,8.6,11.4,0.33,64.9,3.18,4.03,0.73,97.58,89.77,82.47,0.271,0.338,0.402,0.74,2950,95.2,17.1,3.95,15,48.4,3,9.7,6,0,0,123,6.4,15,16,48.4,0,0,24,13,54.2,5.56,95.16,0.84,3.9,0,0,0,0,0,0,0,0,0,0,0,0,0,13,14,0,0,0,24,13,54.2,0,0,0,506,42.6,5.7,48.1,53.8,3.6,0.8,4.6,7.8,1.007964602,0.9947,1.00532824,102.6590695,103.2060616,0.341465393,102.684876,103.2320056,0.33903518,102.684876,103.2320056,0.33903518,102.00392,102.5474228,0.340834266
가뇽,KIA,20,3.83,28,28,0,0,0,0,11,8,0,0,159.2,77,86,82.6,702,162,33,8,7,64,9,0,141,9,0,13,4.34,4.85,4.66,4.61,3.73,1.42,7.95,3.61,2.2,0.4,20.1,9.1,11,0.326,66.2,3.3,4.08,0.61,90.11,87.31,77.36,0.264,0.338,0.378,0.716,2809,100.3,17.6,4,13,46.4,3,10.7,4,0,0,82,4.6,18,10,64.3,0,0,20,7,35,5.7,100.32,0.99,3.83,0,0,0,0,0,0,0,0,0,0,0,0,0,11,12,0,0,0,20,7,35,0,0,0,475,45.1,4.5,45.5,50,4.9,0.9,2.9,8,1.007964602,0.9947,1.00532824,96.89986111,97.41616679,0.313135896,96.91495541,97.43134152,0.310913196,96.91495541,97.43134152,0.310913196,88.9314,89.40524428,0.265975139
임기영,KIA,20,2.42,25,25,0,0,0,0,9,10,0,0,127.2,73,80,74.15,559,152,26,3,12,33,9,0,106,3,1,3,5.15,5.64,5.23,5.1,4.06,1.45,7.47,2.33,3.21,0.85,19,5.9,13.1,0.354,64.4,3.05,3.83,1.09,106.84,96.68,84.24,0.3,0.35,0.434,0.784,2224,89,17.4,3.98,7,28,1,4,8,0,0,83,5.9,13,12,52,0,0,18,11,61.1,5.11,88.96,0.15,2.42,0,0,0,0,0,0,0,0,0,0,0,0,0,6,13,0,0,0,18,11,61.1,0,0,0,395,42.6,6.6,47.7,54.3,3.2,0.8,5.4,3.3,1.007964602,0.9947,1.00532824,110.6892048,111.2789834,0.380965561,110.8304547,111.4209859,0.378735872,110.8304547,111.4209859,0.378735872,106.1159,106.6813091,0.364381284
이민우,KIA,20,-0.01,22,22,0,0,0,0,6,10,0,0,106,80,87,84.6,486,129,20,4,11,47,6,0,67,8,0,4,6.79,7.39,7.18,7.33,5.2,1.66,5.69,3.99,1.43,0.93,13.8,9.7,4.1,0.336,56.9,4.08,4.91,1.59,141.01,138.82,107.95,0.306,0.378,0.451,0.829,1831,83.2,17.3,3.77,6,27.3,2,9.1,4,0,0,67,5.7,8,14,36.4,0,0,11,5,45.5,4.82,83.23,-1.9,-0.01,0,0,0,0,0,0,0,0,0,0,0,0,0,4,15,0,0,0,11,5,45.5,0,0,0,351,45.4,5.5,45.1,50.5,4.1,0.9,5.9,8.5,1.007964602,0.9947,1.00532824,147.5973403,148.3837743,0.562516369,148.002141,148.7907319,0.55990675,148.002141,148.7907319,0.55990675,163.13892,164.0081593,0.690920596
멩덴,KIA,21,3.28,21,21,0,0,0,0,8,3,0,0,120,48,53,51.95,502,109,18,2,12,35,8,0,104,7,3,2,3.6,3.97,3.9,3.95,3.9,1.2,7.8,2.63,2.97,0.9,20.7,7,13.7,0.285,73.3,2.81,3.75,-0.3,81.01,80.73,87.78,0.242,0.305,0.371,0.676,1977,94.1,16.5,3.94,10,47.6,3,14.3,5,0,0,76,5.7,12,5,70.6,0,0,9,2,22.2,5.71,94.14,1.14,3.28,0,0,0,0,0,0,0,0,0,0,0,0,0,9,7,0,0,0,9,2,22.2,0,0,0,340,40.8,6.2,50.1,56.3,2.8,0.7,6,9.2,1.05270936,1.016,0.984251969,79.32801996,78.0787598,0.218519492,79.20899743,77.96161164,0.216522721,79.20899743,77.96161164,0.216522721,74.4496,73.27716557,0.174108035
임기영,KIA,21,3.17,28,28,0,0,0,0,8,8,0,0,153,83,85,78.95,662,155,29,1,15,45,11,0,129,7,2,6,4.88,5,4.64,4.54,3.96,1.31,7.59,2.65,2.87,0.88,19.5,6.8,12.7,0.307,66.3,2.89,3.88,0.92,109.86,92.84,89.12,0.262,0.322,0.39,0.712,2522,90.1,16.5,3.81,13,46.4,5,17.9,6,0,0,80,4.7,14,14,50,0,0,16,11,68.8,5.46,90.07,0.45,3.17,0,0,0,0,0,0,0,0,0,0,0,0,0,10,12,0,0,0,16,11,68.8,0,0,0,456,42.8,4.2,49.9,54.1,3.1,0.8,5.8,6.5,1.05270936,1.016,0.984251969,98.74458236,97.18954957,0.312027075,98.87354295,97.31647928,0.310356336,98.87354295,97.31647928,0.310356336,108.38872,106.6818087,0.36438413
이의리,KIA,21,2.76,19,19,0,0,0,0,4,5,0,0,94.2,38,42,41,404,69,11,0,6,56,2,0,93,6,0,5,3.61,3.99,3.9,3.79,3.96,1.32,8.84,5.32,1.66,0.57,23,13.9,9.2,0.259,71.4,3.29,4.3,-0.35,81.29,77.45,89.21,0.204,0.318,0.29,0.608,1643,86.5,17.4,4.07,4,21.1,0,0,10,0,0,33,3.1,11,6,64.7,0,0,7,2,28.6,4.98,86.47,1.08,2.76,0,0,0,0,0,0,0,0,0,0,0,0,0,8,8,0,0,0,7,2,28.6,0,0,0,243,41.9,6.7,48.2,54.9,3.2,0.8,4.3,5.8,1.05270936,1.016,0.984251969,80.93357647,79.65903196,0.226251639,80.93731613,79.66271272,0.224769766,80.93731613,79.66271272,0.224769766,82.67089,81.36898702,0.220199837
브룩스,KIA,21,2.27,13,13,0,0,0,0,3,5,0,0,78,29,34,32.1,333,93,12,1,4,16,1,0,55,4,0,0,3.35,3.92,3.7,3.77,3.29,1.4,6.35,1.85,3.44,0.46,16.5,4.8,11.7,0.349,73.1,2.76,3.99,0.06,75.3,77.11,74.03,0.298,0.332,0.381,0.713,1219,93.8,15.6,3.66,8,61.5,3,23.1,2,0,0,38,4.4,5,8,38.5,0,0,5,3,60,6,93.77,0.89,2.27,0,0,0,0,0,0,0,0,0,0,0,0,0,9,4,0,0,0,5,3,60,0,0,0,255,57.1,2.3,37.9,40.2,2.7,1.4,3.8,10.8,1.05270936,1.016,0.984251969,79.91803215,78.65948046,0.221360913,79.80462816,78.54786236,0.219364901,79.80462816,78.54786236,0.219364901,75.169586,73.98581317,0.178144561
뷰캐넌,Samsung,20,6.7,27,27,0,1,1,0,15,7,0,0,174.2,67,71,69.45,728,172,19,2,16,50,7,0,121,12,0,2,3.45,3.66,3.58,3.3,4.36,1.27,6.24,2.58,2.42,0.82,16.6,6.9,9.8,0.297,76.3,3.37,4.23,-0.91,67.64,58.93,85.52,0.261,0.318,0.369,0.687,2819,104.4,16.1,3.87,18,66.7,11,40.7,1,0,0,130,6.7,17,8,68,0,0,7,3,42.9,6.47,104.41,3.59,6.7,0,0,0,0,0,0,0,0,0,0,0,0,0,15,8,0,0,0,7,3,42.9,0,0,0,526,51.8,2.5,43.8,46.4,1.8,1.1,6.3,9.9,1.19467857,1.0999,0.909173561,76.07123755,69.16195795,0.174890286,75.83344911,68.94576699,0.172813339,75.83344911,68.94576699,0.172813339,73.757416,67.05829236,0.138684728
최채흥,Samsung,20,4.85,26,26,0,1,1,1,11,6,0,0,146,58,67,64.75,617,131,27,1,12,51,7,0,123,9,3,3,3.58,4.13,3.99,3.75,4.1,1.25,7.58,3.14,2.41,0.74,19.9,8.3,11.7,0.282,70.9,3.23,4,-0.52,70.05,67.09,80.3,0.237,0.307,0.354,0.661,2516,96.8,17.2,4.08,12,46.2,6,23.1,8,0,0,95,5.9,13,12,52,0,0,17,5,29.4,5.62,96.77,2.25,4.85,0,0,0,0,0,0,0,0,0,0,0,0,0,13,6,0,0,0,17,5,29.4,0,0,0,422,39.9,7.6,50.5,58,2.1,0.7,4.7,6.9,1.19467857,1.0999,0.909173561,83.11551955,75.5664329,0.206226876,83.07780032,75.53213958,0.204744488,83.07780032,75.53213958,0.204744488,75.024605,68.21038712,0.145247172
라이블리,Samsung,20,3.19,21,21,0,0,0,0,6,7,0,0,112,53,54,54,478,98,16,1,11,39,12,0,95,7,0,2,4.26,4.34,4.34,4.19,4.45,1.22,7.63,3.13,2.44,0.88,19.9,8.2,11.7,0.273,70.9,3.39,3.99,-0.2,83.44,74.93,87.28,0.233,0.313,0.355,0.668,1986,94.6,17.7,4.15,7,33.3,5,23.8,7,0,0,55,4.4,8,12,40,0,0,6,0,0,5.33,94.57,1.2,3.19,0,0,0,0,0,0,0,0,0,0,0,0,0,8,11,0,0,0,6,0,0,0,0,0,319,42.8,9,45.8,54.8,2.4,0.8,6,7.1,1.19467857,1.0999,0.909173561,86.86767955,78.97779758,0.222918413,86.9010025,79.00809392,0.221596133,86.9010025,79.00809392,0.221596133,83.806816,76.19494145,0.19072797
백정현,Samsung,21,6.2,27,27,0,0,0,0,14,5,0,0,157.2,46,54,53.3,648,142,25,1,15,54,2,2,109,6,0,5,2.63,3.08,3.04,2.98,4.23,1.24,6.22,3.08,2.02,0.86,16.8,8.3,8.5,0.274,81.4,3.19,4.38,-1.61,56.27,58.05,90.7,0.244,0.308,0.367,0.675,2503,92.7,15.9,3.86,15,55.6,5,18.5,6,0,0,106,6.1,17,9,65.4,0,0,13,2,15.4,5.84,92.7,3.39,6.2,0,0,0,0,0,0,0,0,0,0,0,0,0,14,10,0,0,0,13,2,15.4,0,0,0,463,46,3.9,46.4,50.3,3.7,0.9,6.2,8.5,1.154822073,1.0818,0.924385284,66.27694178,61.26542964,0.136253198,65.77352533,60.80007888,0.133322531,65.77352533,60.80007888,0.133322531,58.887775,54.43499299,0.066781188
원태인,Samsung,21,6.01,26,26,0,0,0,0,14,7,0,0,158.2,54,59,57.8,655,147,32,1,11,51,5,1,129,4,1,5,3.06,3.35,3.28,3.11,3.65,1.25,7.32,2.89,2.53,0.62,19.7,7.8,11.9,0.3,76.6,2.91,3.97,-0.59,65.64,60.42,78.3,0.249,0.313,0.362,0.675,2522,97,15.9,3.85,16,61.5,10,38.5,5,0,0,72,4.1,15,8,65.2,0,0,5,2,40,6.1,97,3.18,6.01,0,0,0,0,0,0,0,0,0,0,0,0,0,16,7,0,0,0,5,2,40,0,0,0,453,49.8,7.7,39.1,46.8,3.4,1.1,5,8.8,1.154822073,1.0818,0.924385284,69.06654166,63.84409471,0.148870402,68.73480405,63.53744135,0.146593436,68.73480405,63.53744135,0.146593436,66.633675,61.59518822,0.107566356
뷰캐넌,Samsung,21,5.76,30,30,0,1,1,1,16,5,0,0,177,61,71,69.8,758,173,25,4,13,59,2,2,162,11,0,7,3.1,3.61,3.55,3.55,3.39,1.31,8.24,3,2.75,0.66,21.4,7.8,13.6,0.308,75.5,2.58,3.77,-0.28,66.47,69.02,72.57,0.25,0.31,0.355,0.665,2967,98.9,16.8,3.91,20,66.7,5,16.7,4,0,0,132,6.7,18,10,64.3,0,0,12,2,16.7,5.9,98.9,2.61,5.76,0,0,0,0,0,0,0,0,0,0,0,0,0,16,6,0,0,0,12,2,16.7,0,0,0,519,57,3,36.4,39.4,3.6,1.4,6.2,11,1.154822073,1.0818,0.924385284,72.77158518,67.26898242,0.165628107,72.57006427,67.08269945,0.16378107,72.57006427,67.08269945,0.16378107,67.82253,62.69415109,0.113826155
켈리,LG,20,5.84,28,28,0,1,1,1,15,7,0,0,173.1,64,67,67,705,160,29,1,16,40,11,0,134,5,0,4,3.32,3.48,3.48,3.73,4.07,1.15,6.96,2.08,3.35,0.83,19,5.7,13.3,0.287,76.2,3.06,3.8,-0.75,74.41,76.12,91.2,0.247,0.301,0.369,0.67,2621,93.6,15.1,3.72,20,71.4,9,32.1,0,0,0,97,5,18,10,64.3,0,0,0,0,0,6.19,93.61,2.76,5.84,0,0,0,0,0,0,0,0,0,0,0,0,0,16,8,0,0,0,0,0,0,0,0,0,501,49.2,3.7,43.5,47.1,3.7,1,6.5,6.3,0.87403599,0.9362,1.068147832,70.74881881,75.5701974,0.206245295,70.5315979,75.33817336,0.203804127,70.5315979,75.33817336,0.203804127,73.45905,78.46512822,0.203659175
정찬헌,LG,20,3.38,19,19,0,1,1,1,7,4,0,0,110.1,43,51,48.05,470,116,22,1,10,31,4,0,85,4,0,5,3.51,4.16,3.92,4,4.13,1.33,6.93,2.53,2.74,0.82,18.1,6.6,11.5,0.314,73,3.15,4.02,-0.62,78.54,81.64,92.5,0.27,0.323,0.396,0.719,1757,92.5,15.9,3.74,12,63.2,2,10.5,3,0,0,80,6.5,11,7,61.1,0,0,9,6,66.7,5.81,92.47,1.42,3.38,0,0,0,0,0,0,0,0,0,0,0,0,0,8,5,0,0,0,9,6,66.7,0,0,0,338,49.4,3.4,44.9,48.3,2.3,1,5.9,9.5,0.87403599,0.9362,1.068147832,84.47565492,90.23248763,0.277986722,84.27497033,90.01812682,0.274973465,84.27497033,90.01812682,0.274973465,81.951004,87.53578726,0.25532653
윌슨,LG,20,2.69,25,25,0,0,0,0,10,8,0,0,144.2,71,81,78.95,628,161,23,2,13,39,8,0,109,7,1,3,4.42,5.04,4.91,5.16,4.19,1.38,6.78,2.43,2.79,0.81,17.4,6.2,11.1,0.326,66.8,3.21,4.06,0.23,98.9,105.35,93.78,0.282,0.334,0.398,0.732,2330,93.2,16.1,3.71,14,56,4,16,3,0,0,114,7.1,15,10,60,0,0,10,4,40,5.79,93.2,0.12,2.69,0,0,0,0,0,0,0,0,0,0,0,0,0,8,9,0,0,0,10,4,40,0,0,0,454,50.8,4.2,41.7,46,3.2,1.1,6,8.1,0.87403599,0.9362,1.068147832,100.4891762,107.3372956,0.361679194,100.602807,107.4586701,0.359526315,100.602807,107.4586701,0.359526315,110.23964,117.7522317,0.427442336
차우찬,LG,20,0.56,13,13,0,0,0,0,5,5,0,0,64,38,39,38.15,287,71,14,1,8,28,2,1,51,4,0,1,5.34,5.48,5.36,6.2,4.94,1.55,7.17,3.94,1.82,1.13,17.8,9.8,8,0.321,68.9,3.57,4.44,0.4,119.65,126.74,110.69,0.284,0.354,0.444,0.798,1159,89.2,18.1,4.04,6,46.2,2,15.4,1,0,0,40,5.6,6,7,46.2,0,0,4,2,50,4.92,89.15,-0.58,0.56,0,0,0,0,0,0,0,0,0,0,0,0,0,5,6,0,0,0,4,2,50,0,0,0,196,41.7,2.9,51.9,54.9,3.4,0.8,7.1,4.2,0.87403599,0.9362,1.068147832,110.9775724,118.5404533,0.416495359,110.7690408,118.3177107,0.412171627,110.7690408,118.3177107,0.412171627,117.04348,125.0197393,0.468838766
켈리,LG,21,5.89,30,30,0,0,0,0,13,8,0,0,177,62,64,63.15,744,160,25,0,12,60,11,3,142,7,1,7,3.15,3.25,3.21,3.38,3.76,1.24,7.22,3.05,2.37,0.61,19.1,8.1,11,0.287,78,3.03,4.08,-0.61,75.36,73.35,89.85,0.241,0.312,0.333,0.645,2902,96.7,16.4,3.9,17,56.7,5,16.7,4,0,0,93,4.7,16,12,57.1,0,0,4,2,50,5.9,96.73,2.75,5.89,0,0,0,0,0,0,0,0,0,0,0,0,0,14,10,0,0,0,4,2,50,0,0,0,515,49.9,6,40.1,46.1,4,1.1,4.9,9.4,0.886837121,0.9531,1.049207848,67.40981807,70.72691015,0.182547473,67.18696994,70.49309615,0.180314888,67.18696994,70.49309615,0.180314888,65.16926,68.37609707,0.146191072
임찬규,LG,21,1.88,17,17,0,0,0,0,1,8,0,0,90.2,39,45,42.05,387,76,9,3,7,41,3,1,67,4,0,5,3.87,4.47,4.17,4.5,4.31,1.29,6.65,4.07,1.63,0.7,17.3,10.6,6.7,0.262,68.2,3.48,4.59,-0.44,92.54,97.58,102.99,0.226,0.315,0.333,0.648,1446,85.1,15.9,3.74,7,41.2,3,17.6,6,0,0,38,3.8,5,8,38.5,0,0,17,6,35.3,5.33,85.06,0.27,1.88,0,0,0,0,0,0,0,0,0,0,0,0,0,8,6,0,0,0,17,6,35.3,0,0,0,263,44.9,8.7,44.2,52.9,2.2,0.8,4.8,3.9,0.886837121,0.9531,1.049207848,91.7010664,96.21347855,0.307251237,91.7627058,96.27815109,0.305322456,91.7627058,96.27815109,0.305322456,91.89789,96.4199855,0.305931787
쿠에바스,KT,20,4.38,27,27,0,0,0,0,10,8,0,0,158,72,80,77.45,668,152,26,1,16,46,9,0,110,8,0,4,4.1,4.56,4.41,4.38,4.54,1.25,6.27,2.62,2.39,0.91,16.5,6.9,9.6,0.282,68.6,3.44,4.25,-0.44,84.74,82.5,93.78,0.253,0.312,0.38,0.692,2518,93.3,15.9,3.77,14,51.9,7,25.9,4,0,0,108,6.2,13,14,48.1,0,0,14,5,35.7,5.85,93.26,1.57,4.38,0,0,0,0,0,0,0,0,0,0,0,0,0,12,12,0,0,0,14,5,35.7,0,0,0,482,47.9,5.2,44.9,50.1,2,1,6.3,10.5,1.003618272,1.001,0.999000999,92.43167808,92.33933874,0.288295377,92.44649703,92.35414289,0.286298617,92.44649703,92.35414289,0.286298617,85.39591,85.31060157,0.242651656
배제성,KT,20,4.27,26,26,0,0,0,0,10,7,0,0,141.1,62,67,65.45,619,130,30,1,12,76,4,0,83,8,1,11,3.95,4.27,4.17,4.14,5.29,1.46,5.29,4.84,1.09,0.76,13.4,12.3,1.1,0.268,74.1,4.38,5.26,-1.34,81.58,78.11,109.35,0.244,0.341,0.371,0.712,2364,90.9,16.7,3.82,10,38.5,4,15.4,9,0,0,83,5.3,15,11,57.7,0,0,14,3,21.4,5.44,90.92,1.76,4.27,0,0,0,0,0,0,0,0,0,0,0,0,0,12,10,0,0,0,14,3,21.4,0,0,0,441,48.2,4.8,44.3,49.1,2.6,1,5.4,8.5,1.003618272,1.001,0.999000999,92.07849898,91.98651247,0.286569026,91.71131723,91.61969753,0.28273798,91.71131723,91.61969753,0.28273798,85.41651,85.33118036,0.242768875
데스파이네,KT,21,5.95,33,33,0,0,0,0,13,10,0,0,188.2,71,81,79.8,819,175,30,3,10,78,7,0,165,11,0,15,3.39,3.86,3.81,3.68,3.61,1.34,7.87,3.72,2.12,0.48,20.1,9.5,10.6,0.301,72.8,3.05,4.13,-0.22,74.07,72.97,78.9,0.243,0.322,0.335,0.657,3405,103.2,18,4.16,21,63.6,7,21.2,4,0,0,113,5.4,18,13,58.1,0,0,19,3,15.8,5.72,103.18,2.6,5.95,0,0,0,0,0,0,0,0,0,0,0,0,0,16,11,0,0,0,19,3,15.8,0,0,0,548,52.9,3.2,39.5,42.7,4.4,1.2,4.1,4.6,0.985618408,1.0023,0.997705278,78.71024683,78.52962868,0.220725558,78.60749907,78.42711671,0.218779519,78.60749907,78.42711671,0.218779519,75.11989,74.94750903,0.183622474
배제성,KT,21,3.91,26,26,0,0,0,0,9,10,0,0,141.2,58,67,64.1,621,126,27,1,6,82,1,1,136,12,0,9,3.68,4.26,4.07,4.02,3.69,1.47,8.64,5.21,1.66,0.38,21.9,13.2,8.7,0.306,70.6,3.27,4.36,0,80.58,79.88,80.63,0.239,0.339,0.328,0.667,2436,93.7,17.2,3.92,12,46.2,3,11.5,10,0,0,80,5.1,12,12,50,0,0,13,6,46.2,5.45,93.69,1.39,3.91,0,0,0,0,0,0,0,0,0,0,0,0,0,11,11,0,0,0,13,6,46.2,0,0,0,392,46.3,5.5,47,52.5,1.2,0.9,2.8,7.1,0.985618408,1.0023,0.997705278,86.82474828,86.62550961,0.260338063,86.70984077,86.51086578,0.257970043,86.70984077,86.51086578,0.257970043,87.19721,86.99711885,0.252258223
쿠에바스,KT,21,2.91,23,23,0,1,1,1,9,5,0,0,133.1,61,68,67.5,580,131,21,3,11,51,3,0,137,10,0,6,4.12,4.59,4.56,4.55,3.44,1.37,9.25,3.44,2.69,0.74,23.6,8.8,14.8,0.323,68.8,2.55,3.62,0.68,90.05,90.39,75.13,0.254,0.322,0.37,0.692,2191,95.3,16.4,3.78,11,47.8,5,21.7,4,0,0,76,5.1,12,10,54.5,0,0,13,1,7.7,5.8,95.26,0.54,2.91,0,0,0,0,0,0,0,0,0,0,0,0,0,11,9,0,0,0,13,1,7.7,0,0,0,372,40.9,6.9,49.9,56.8,2.3,0.7,5,7.6,0.985618408,1.0023,0.997705278,89.85625502,89.65005988,0.275136949,89.87108825,89.66485908,0.2732608,89.87108825,89.66485908,0.2732608,89.7231,89.51720917,0.266612902
소형준,KT,21,2.43,24,24,0,0,0,0,7,7,0,0,119,55,67,63.15,521,123,17,0,6,51,4,1,85,11,0,5,4.16,5.07,4.78,4.69,4.01,1.46,6.43,3.86,1.67,0.45,16.3,9.8,6.5,0.314,65.3,3.48,4.62,0.15,90.97,93.03,87.78,0.268,0.343,0.344,0.687,2097,87.4,17.6,4.03,8,33.3,4,16.7,9,0,0,77,5.8,14,10,58.3,0,0,14,6,42.9,4.96,87.38,0.32,2.43,0,0,0,0,0,0,0,0,0,0,0,0,0,10,10,0,0,0,14,6,42.9,0,0,0,373,59.8,2.6,34.9,37.5,2.6,1.6,4.2,9.8,0.985618408,1.0023,0.997705278,102.8696135,102.6335563,0.33866417,103.1052559,102.868658,0.337273648,103.1052559,102.868658,0.337273648,92.97721,92.76385413,0.285106108
알칸타라,Doosan,20,8.89,31,31,0,1,1,0,20,2,0,0,198.2,56,58,57.3,795,174,38,3,12,30,9,0,182,4,1,3,2.54,2.63,2.6,2.84,3.03,1.03,8.25,1.36,6.07,0.54,22.9,3.8,19.1,0.289,79.1,2.41,3.11,-0.5,56.81,57.95,67.9,0.232,0.269,0.339,0.608,3144,101.4,15.8,3.95,27,87.1,13,41.9,0,0,0,138,6.3,24,6,80,0,0,5,1,20,6.41,101.42,5.35,8.89,0,0,0,0,0,0,0,0,0,0,0,0,0,20,5,0,0,0,5,1,20,0,0,0,560,44.4,7.8,45.1,53,2.6,0.8,3.9,5.7,0.843788438,0.9321,1.072846261,51.81107479,55.58531787,0.10846086,51.59076651,55.34896096,0.106895168,51.59076651,55.34896096,0.106895168,58.714268,62.99138261,0.115519215
플렉센,Doosan,20,3.98,21,21,0,0,0,0,8,4,0,0,116.2,39,43,43,472,97,14,0,6,30,2,2,132,3,0,5,3.01,3.32,3.32,3.73,2.58,1.09,10.18,2.31,4.4,0.46,28,6.4,21.6,0.307,71.1,2.05,2.81,0.43,67.37,76.14,57.67,0.226,0.277,0.3,0.577,1953,93,16.7,4.14,12,57.1,5,23.8,7,0,0,66,5.1,13,8,61.9,0,0,2,0,0,5.56,93,1.91,3.98,0,0,0,0,0,0,0,0,0,0,0,0,0,10,8,0,0,0,2,0,0,0,0,0,296,45.8,7.5,42.9,50.3,3.9,0.9,3.9,18.6,0.843788438,0.9321,1.072846261,61.92472127,66.43570568,0.161550949,62.08200774,66.60444989,0.161462486,62.08200774,66.60444989,0.161462486,57.02696,61.18115917,0.105208006
유희관,Doosan,20,1.49,27,27,0,0,0,0,10,11,0,0,136.1,76,91,87.05,622,190,37,5,14,39,3,4,56,8,0,1,5.02,6.01,5.75,6.05,5.15,1.68,3.7,2.58,1.44,0.92,9,6.3,2.7,0.351,66.5,4.06,5.07,-0.13,112.34,123.7,115.21,0.335,0.378,0.491,0.869,2373,87.9,17.4,3.82,9,33.3,4,14.8,6,0,0,115,7.6,12,14,46.2,0,0,14,7,50,5.05,87.89,-0.93,1.49,0,0,0,0,0,0,0,0,0,0,0,0,0,10,14,0,0,0,14,7,50,0,0,0,502,40.3,4.6,51.3,55.9,3.8,0.7,4.8,5.8,0.843788438,0.9321,1.072846261,124.3444668,133.4024963,0.48921416,124.183932,133.2302671,0.484468638,124.183932,133.2302671,0.484468638,110.69933,118.7633657,0.433201853
미란다,Doosan,21,7.49,28,28,0,1,1,1,14,5,0,0,173.2,45,49,48.3,709,135,21,1,11,63,1,0,225,3,1,7,2.33,2.54,2.5,2.73,2.42,1.14,11.66,3.27,3.57,0.57,31.7,8.9,22.8,0.305,81.5,1.75,2.66,-0.09,55.74,59.22,57.94,0.212,0.282,0.299,0.581,2918,104.2,16.8,4.12,21,75,12,42.9,4,0,0,104,5.4,18,10,64.3,0,0,8,1,12.5,6.2,104.21,4.4,7.49,0,0,0,0,0,0,0,0,0,0,0,0,0,18,9,0,0,0,8,1,12.5,0,0,0,406,37.1,7.1,53.6,60.7,2.1,0.6,4.3,11.9,0.830930537,0.9229,1.083541012,47.19526678,51.13800713,0.08670052,46.96687008,50.89052994,0.085280414,46.96687008,50.89052994,0.085280414,54.5919,59.15256244,0.093652922
최원준,Doosan,21,4.89,29,29,0,0,0,0,12,4,0,0,158.1,58,65,62.25,673,160,31,4,15,37,10,1,113,5,0,0,3.3,3.69,3.54,3.75,4.01,1.24,6.42,2.1,3.05,0.85,16.8,5.5,11.3,0.295,76.3,3,4.04,-0.71,78.81,81.44,95.87,0.26,0.31,0.396,0.706,2677,92.3,16.9,3.98,15,51.7,4,13.8,8,0,0,113,6.4,21,7,75,0,0,22,6,27.3,5.46,92.31,2.08,4.89,0,0,0,0,0,0,0,0,0,0,0,0,0,16,9,0,0,0,22,6,27.3,0,0,0,492,34.1,6.6,56.3,63,2.9,0.5,4.6,3.1,0.830930537,0.9229,1.083541012,76.22313142,82.59088896,0.240596984,75.90537053,82.24658201,0.237296527,75.90537053,82.24658201,0.237296527,76.515755,82.90795828,0.228965967
로켓,Doosan,21,4.42,21,21,0,1,1,0,9,9,0,0,124,41,44,42.8,540,132,20,2,5,42,12,1,112,3,1,1,2.98,3.19,3.11,3.35,3.34,1.4,8.13,3.05,2.67,0.36,20.7,7.8,13,0.349,79.3,2.93,3.84,-0.36,71.13,72.73,79.8,0.277,0.348,0.358,0.706,2019,96.1,16.3,3.74,14,66.7,3,14.3,2,0,0,82,6,10,10,50,0,0,9,3,33.3,5.9,96.14,2.21,4.42,0,0,0,0,0,0,0,0,0,0,0,0,0,14,7,0,0,0,9,3,33.3,0,0,0,364,60.4,3.5,34.8,38.2,1.3,1.6,3.5,7.6,0.830930537,0.9229,1.083541012,65.79390392,71.29039324,0.185304552,65.41214667,70.8767436,0.182174835,65.41214667,70.8767436,0.182174835,67.63053,73.28045434,0.174126768
곽빈,Doosan,21,2.42,21,21,0,0,0,0,4,7,0,0,98.2,45,50,46.2,455,78,17,3,7,79,12,0,96,2,1,6,4.1,4.56,4.21,4.32,5.04,1.59,8.76,7.21,1.22,0.64,21.1,17.4,3.7,0.281,74.8,4.3,4.95,-0.93,98.12,93.68,120.42,0.221,0.378,0.346,0.724,1877,89.4,19,4.13,1,4.8,0,0,16,0,0,50,4.6,7,11,38.9,0,0,25,7,28,4.7,89.38,0.66,2.42,0,0,0,0,0,0,0,0,0,0,0,0,0,8,10,0,0,0,25,7,28,0,0,0,253,31.3,9.7,56.3,66,2.6,0.5,4,5.1,0.830930537,0.9229,1.083541012,95.77637509,103.7776304,0.344262034,95.37785134,103.3458136,0.339586928,95.37785134,103.3458136,0.339586928,100.686806,109.0982834,0.378148605
유희관,Doosan,21,-0.57,15,15,0,0,0,0,4,7,0,0,63,54,57,55.6,314,107,14,3,10,24,3,0,23,2,0,0,7.71,8.14,7.94,8.44,6.07,2.08,3.29,3.43,0.96,1.43,7.3,7.6,-0.3,0.387,64.2,4.32,5.44,1.64,184.4,183.27,145.13,0.384,0.431,0.563,0.994,1184,78.9,18.8,3.77,3,20,0,0,3,0,0,46,6.6,5,10,33.3,0,0,8,3,37.5,4.2,78.93,-1.69,-0.57,0,0,0,0,0,0,0,0,0,0,0,0,0,3,11,0,0,0,8,3,37.5,0,0,0,251,40.2,1.9,54.5,56.4,3.4,0.7,6.7,11.2,0.830930537,0.9229,1.083541012,165.6999968,179.5427422,0.714974735,165.7509624,179.5979655,0.709262156,165.7509624,179.5979655,0.709262156,179.59763,194.6013931,0.865182631
문승원,SSG,20,4.4,25,25,0,1,1,0,6,8,0,0,145.2,59,64,63,610,136,29,0,13,45,6,0,117,8,0,2,3.65,3.95,3.89,3.88,4.13,1.24,7.23,2.78,2.6,0.8,19.2,7.4,11.8,0.29,72.8,3.18,3.98,-0.49,73.95,71.92,83.87,0.248,0.309,0.372,0.681,2338,93.5,16.1,3.83,13,52,7,28,4,0,0,69,4.3,9,16,36,0,0,7,2,28.6,5.83,93.52,1.82,4.4,0,0,0,0,0,0,0,0,0,0,0,0,0,12,8,0,0,0,7,2,28.6,0,0,0,424,42.8,4.8,50.7,55.4,1.8,0.8,5.3,5.1,1.081001473,1.0495,0.952834683,80.07164686,76.29504227,0.209791904,79.90897752,76.14004527,0.207691653,79.90897752,76.14004527,0.207691653,77.62648,73.96520258,0.178027161
핀토,SSG,20,0.79,30,30,0,0,0,0,6,15,0,0,162,111,121,118.05,766,198,35,1,19,90,11,3,112,7,2,11,6.17,6.72,6.56,6.47,5.58,1.78,6.22,5,1.24,1.06,14.6,11.7,2.9,0.337,65.4,4.28,5.06,0.59,125.09,119.79,113.11,0.301,0.391,0.444,0.835,2949,98.3,18.2,3.85,12,40,3,10,3,0,0,70,3.9,10,20,33.3,0,0,12,5,41.7,5.4,98.3,-2.09,0.79,0,0,0,0,0,0,0,0,0,0,0,0,0,9,17,0,0,0,12,5,41.7,0,0,0,532,53,3.6,41.2,44.8,2.2,1.2,7.7,8.1,1.081001473,1.0495,0.952834683,136.4966075,130.0587018,0.472853238,136.5652545,130.124111,0.469409798,136.5652545,130.124111,0.469409798,129.34082,123.2404195,0.458703587
폰트,SSG,21,4.01,25,25,0,0,0,0,8,5,0,0,145.2,56,66,66,604,114,22,1,12,45,6,1,157,11,1,2,3.46,4.08,4.08,3.96,3.12,1.09,9.7,2.78,3.49,0.74,26,7.5,18.5,0.271,66.9,2.22,3.17,0.34,75.4,78.4,67.92,0.211,0.277,0.322,0.599,2526,101,17.3,4.18,13,52,5,20,5,0,0,76,4.7,14,8,63.6,0,0,2,0,0,5.83,101.04,1.42,4.01,0,0,0,0,0,0,0,0,0,0,0,0,0,11,9,0,0,0,2,0,0,0,0,0,376,42.2,6.8,49,55.8,2,0.8,5.4,2.6,1.051571709,1.0253,0.975324295,77.67110942,75.75452006,0.207147171,77.89341474,75.97133984,0.206873758,77.89341474,75.97133984,0.206873758,74.08448,72.25639353,0.168293618
가빌리오,SSG,21,0.88,15,15,0,0,0,0,6,4,0,0,81.1,53,54,51.95,351,88,18,0,7,30,6,1,70,1,0,3,5.86,5.98,5.75,5.58,3.97,1.45,7.75,3.32,2.33,0.78,19.9,8.5,11.4,0.343,61.4,3.03,4.03,1.89,127.8,110.31,86.59,0.285,0.355,0.411,0.766,1286,85.7,15.8,3.66,5,33.3,1,6.7,3,0,0,82,9.1,8,6,57.1,0,0,9,4,44.4,5.42,85.73,-0.57,0.88,0,0,0,0,0,0,0,0,0,0,0,0,0,6,6,0,0,0,9,4,44.4,0,0,0,236,51.8,0,44.5,44.5,3.7,1.2,6.4,8,1.051571709,1.0253,0.975324295,117.2955805,114.4012294,0.396242464,117.5618268,114.6609059,0.394443208,117.5618268,114.6609059,0.394443208,125.546745,122.4487909,0.454194394
스트레일리,Lotte,20,9,31,31,0,0,0,0,15,4,0,0,194.2,54,61,60.3,777,148,27,2,10,51,7,0,205,7,0,4,2.5,2.82,2.79,2.65,2.9,1.02,9.48,2.36,4.02,0.46,26.4,6.6,19.8,0.277,75.5,2.38,3.02,-0.4,49.78,48.21,57.77,0.209,0.267,0.295,0.562,3157,101.8,16.2,4.06,21,67.7,12,38.7,4,0,0,122,5.6,21,10,67.7,0,0,9,2,22.2,6.28,101.84,5.54,9,0,0,0,0,0,0,0,0,0,0,0,0,0,20,5,0,0,0,9,2,22.2,0,0,0,498,40.9,7.2,48.8,56,3.1,0.7,3.5,10.1,1.009178522,1.0278,0.972951936,53.91770214,52.45933269,0.093165662,53.90745309,52.44936086,0.092837725,53.90745309,52.44936086,0.092837725,52.636913,51.21318671,0.048429466
박세웅,Lotte,20,2.91,28,28,0,0,0,0,8,10,0,0,147.1,77,85,84.3,658,177,27,2,20,47,8,0,108,8,0,13,4.7,5.19,5.15,5.03,4.94,1.52,6.6,2.87,2.3,1.22,16.4,7.1,9.3,0.333,72.1,3.43,4.29,-0.23,93.78,91.58,98.4,0.298,0.354,0.452,0.806,2528,90.3,17.2,3.84,8,28.6,3,10.7,9,0,0,94,5.7,14,14,50,0,0,15,1,6.7,5.26,90.29,0.29,2.91,0,0,0,0,0,0,0,0,0,0,0,0,0,6,12,0,0,0,15,1,6.7,0,0,0,472,48.1,3,46.7,49.7,2.2,1,8.1,6.8,1.009178522,1.0278,0.972951936,105.2094824,102.3637696,0.337344125,104.9904695,102.1506806,0.333792848,104.9904695,102.1506806,0.333792848,97.621376,94.98090683,0.297734655
샘슨,Lotte,20,2.07,25,25,0,0,0,0,9,12,0,0,130,78,87,81.5,590,167,25,1,14,36,6,0,87,7,2,8,5.4,6.02,5.64,5.42,4.61,1.56,6.02,2.49,2.42,0.97,14.7,6.1,8.6,0.346,64.6,3.43,4.36,0.79,107.67,98.64,91.82,0.308,0.357,0.435,0.792,2202,88.1,16.9,3.73,10,40,2,8,5,0,0,81,5.6,10,15,40,0,0,20,11,55,5.2,88.08,-0.24,2.07,0,0,0,0,0,0,0,0,0,0,0,0,0,10,12,0,0,0,20,11,55,0,0,0,442,49,4.8,43.4,48.2,2.8,1,6.3,4.8,1.009178522,1.0278,0.972951936,120.2189046,116.967216,0.408797633,120.4411969,117.1834958,0.406672882,120.4411969,117.1834958,0.406672882,109.549576,106.5864719,0.363841082
박세웅,Lotte,21,5.06,28,28,0,1,1,1,10,9,0,0,163,72,75,72.4,685,141,24,0,20,53,10,0,125,7,0,17,3.98,4.14,4,3.8,4.51,1.19,6.9,2.93,2.36,1.1,18.2,7.7,10.5,0.256,73.3,3.13,4.14,-0.53,84.31,73.15,95.61,0.229,0.3,0.365,0.665,2609,93.2,16,3.81,18,64.3,7,25,3,0,0,100,5.5,14,13,51.9,0,0,12,5,41.7,5.82,93.18,2.16,5.06,0,0,0,0,0,0,0,0,0,0,0,0,0,10,12,0,0,0,12,5,41.7,0,0,0,472,52.5,4.6,39.4,44.1,3.4,1.2,9.1,8.5,1.066378066,1.0374,0.963948332,84.15233771,81.1185056,0.233392728,84.07193882,81.04100522,0.231451815,84.07193882,81.04100522,0.231451815,82.70722,79.72548871,0.21083831
스트레일리,Lotte,21,4.31,31,31,0,0,0,0,10,12,0,0,165.2,75,85,81.6,714,162,25,2,12,67,7,0,164,8,1,8,4.07,4.62,4.43,4.24,3.54,1.38,8.91,3.64,2.45,0.65,23,9.4,13.6,0.328,68.9,2.77,3.77,0.54,86.41,81.65,75.05,0.259,0.333,0.363,0.696,2968,95.7,17.9,4.16,14,45.2,1,3.2,7,0,0,88,4.8,12,16,42.9,0,0,16,7,43.8,5.34,95.74,1.36,4.31,0,0,0,0,0,0,0,0,0,0,0,0,0,15,14,0,0,0,16,7,43.8,0,0,0,458,41.6,7.1,48.5,55.7,2.7,0.7,4.5,9.9,1.066378066,1.0374,0.963948332,90.91787353,87.64013257,0.265302533,90.95295848,87.67395266,0.263608761,90.95295848,87.67395266,0.263608761,87.15025,84.00834133,0.235233855
서폴드,Hanwha,20,2.02,28,28,0,1,1,1,10,13,0,0,165,90,107,102.7,734,203,30,3,19,42,13,0,97,11,0,10,4.91,5.84,5.6,5.75,4.93,1.48,5.29,2.29,2.31,1.04,13.2,5.7,7.5,0.33,65.4,3.67,4.5,-0.02,105.43,112.76,105.86,0.304,0.354,0.443,0.797,2742,97.9,16.6,3.74,13,46.4,3,10.7,0,0,0,77,4.2,12,15,44.4,0,0,17,9,52.9,5.89,97.93,-0.91,2.02,0,0,0,0,0,0,0,0,0,0,0,0,0,9,14,0,0,0,17,9,52.9,0,0,0,558,48.5,4,43.6,47.6,4,1,6.9,7.9,0.932696897,0.989,1.011122346,117.7137359,119.0229888,0.418856367,117.8425716,119.1532574,0.41622241,117.8425716,119.1532574,0.41622241,107.81759,109.0167733,0.377684315
장시환,Hanwha,20,1.87,26,26,0,0,0,0,4,14,0,0,132.2,74,81,80.3,603,139,27,1,15,74,8,0,115,6,0,10,5.02,5.49,5.45,5.56,5.09,1.61,7.8,5.02,1.55,1.02,19.1,12.3,6.8,0.319,70,3.84,4.58,-0.07,107.81,109.01,109.3,0.271,0.368,0.415,0.783,2434,93.6,18.3,4.04,11,42.3,3,11.5,3,0,0,52,3.5,6,20,23.1,0,0,11,1,9.1,5.1,93.62,-0.49,1.87,0,0,0,0,0,0,0,0,0,0,0,0,0,9,14,0,0,0,11,1,9.1,0,0,0,389,49.8,3.9,44.1,48,2.2,1,7.7,8.6,0.932696897,0.989,1.011122346,111.4928379,112.7328998,0.388079459,111.315926,112.5540202,0.384228893,111.315926,112.5540202,0.384228893,108.602455,109.8103692,0.382204715
채드벨,Hanwha,20,0.71,16,16,0,0,0,0,2,8,0,0,77,51,54,50.55,346,85,11,0,10,35,5,1,61,4,0,3,5.96,6.31,5.91,6.12,5.17,1.56,7.13,4.09,1.74,1.17,17.6,10.1,7.5,0.325,64,3.73,4.5,0.79,128.02,119.97,111.04,0.284,0.365,0.421,0.786,1367,85.4,17.8,3.95,4,25,1,6.3,3,0,0,34,4,3,12,20,0,0,11,6,54.5,4.81,85.44,-0.66,0.71,0,0,0,0,0,0,0,0,0,0,0,0,0,6,9,0,0,0,11,6,54.5,0,0,0,231,47.3,6.1,44.5,50.6,2,0.9,8.1,10.6,0.932696897,0.989,1.011122346,125.7782202,127.177169,0.458754126,125.9816603,127.3828719,0.456120099,125.9816603,127.3828719,0.456120099,128.57594,130.0060091,0.497241043
킹험,Hanwha,21,4.59,25,25,0,0,0,0,10,8,0,0,144,51,58,57.5,591,117,22,0,11,41,5,1,131,10,2,4,3.19,3.63,3.59,3.62,3.39,1.1,8.19,2.56,3.2,0.69,22.2,6.9,15.2,0.266,70.9,2.56,3.57,-0.2,73.31,75.57,78.01,0.219,0.278,0.321,0.599,2356,94.2,16.4,3.99,15,60,5,20,2,0,0,83,5.2,10,14,41.7,0,0,5,1,20,5.76,94.24,2.03,4.59,0,0,0,0,0,0,0,0,0,0,0,0,0,15,8,0,0,0,5,1,20,0,0,0,398,47.8,4.3,45.2,49.5,2.7,1,5.4,14.5,0.889468691,0.9372,1.067008109,71.512459,76.30437367,0.209837561,71.58546613,76.38227286,0.208865987,71.58546613,76.38227286,0.208865987,72.458725,77.31404714,0.197102505
루친스키,NC,20,7.77,30,30,0,0,0,0,19,5,0,0,183,62,67,63.2,770,173,12,3,14,57,11,0,167,11,0,11,3.05,3.3,3.11,3.03,3.78,1.26,8.21,2.8,2.93,0.69,21.7,7.4,14.3,0.311,78.7,2.96,3.69,-0.73,61.26,55.46,75.86,0.25,0.317,0.337,0.654,3001,100,16.4,3.9,20,66.7,9,30,3,0,0,139,6.8,23,7,76.7,0,0,14,7,50,6.1,100.03,4.52,7.77,0,0,0,0,0,0,0,0,0,0,0,0,0,19,7,0,0,0,14,7,50,0,0,0,511,50.3,6,42.1,48,1.7,1,5.4,7.5,1.09293504,1.053,0.949667616,66.49742019,63.15044653,0.145476436,66.32051533,62.98244571,0.143902782,66.32051533,62.98244571,0.143902782,60.5632,57.51491159,0.084324704
라이트,NC,20,3.92,29,29,0,0,0,0,11,9,0,0,157.2,82,87,82.05,696,164,27,2,12,63,10,0,125,7,2,5,4.68,4.97,4.68,4.6,4.35,1.44,7.14,3.6,1.98,0.69,18,9.1,8.9,0.316,68.2,3.56,4.33,0.33,94.04,84.35,87.47,0.266,0.343,0.374,0.717,2789,96.2,17.7,4.01,13,44.8,2,6.9,6,0,0,108,6.2,13,13,50,0,0,20,10,50,5.44,96.17,1.12,3.92,0,0,0,0,0,0,0,0,0,0,0,0,0,12,14,0,0,0,20,10,50,0,0,0,481,40.6,6.6,51.2,57.8,1.6,0.7,4.2,6.7,1.09293504,1.053,0.949667616,100.1876494,95.14496616,0.30202309,100.2575629,95.21136077,0.300150589,100.2575629,95.21136077,0.300150589,95.5089,90.70171273,0.27335995
이재학,NC,20,1.01,19,19,0,0,0,0,5,6,0,0,90.2,66,66,62.9,410,105,21,1,14,43,5,0,61,3,1,4,6.55,6.55,6.24,6.04,5.79,1.63,6.06,4.27,1.42,1.39,14.9,10.5,4.4,0.318,65.4,4.07,4.87,0.76,131.62,110.66,116.36,0.295,0.374,0.478,0.852,1578,83.1,17.4,3.85,5,26.3,1,5.3,4,0,0,61,6.1,10,8,55.6,0,0,15,6,40,4.77,83.05,-0.6,1.01,0,0,0,0,0,0,0,0,0,0,0,0,0,7,11,0,0,0,15,6,40,0,0,0,286,40.5,5.6,50.8,56.5,3,0.7,8.2,4.8,1.09293504,1.053,0.949667616,132.769651,126.087038,0.453420201,132.6807501,126.0026117,0.44942851,132.6807501,126.0026117,0.44942851,130.71097,124.1319734,0.463781965
루친스키,NC,21,5.62,30,30,0,0,0,0,15,10,0,0,178.2,63,76,73.95,754,160,24,1,12,55,10,0,177,17,2,6,3.17,3.83,3.73,3.64,3.22,1.2,8.92,2.77,3.22,0.6,23.5,7.3,16.2,0.298,71.6,2.49,3.46,-0.04,69.3,72.1,70.25,0.234,0.3,0.324,0.624,2969,99,16.6,3.94,19,63.3,9,30,3,0,0,116,5.8,16,14,53.3,0,0,5,4,80,5.96,98.97,2.45,5.62,0,0,0,0,0,0,0,0,0,0,0,0,0,17,9,0,0,0,5,4,80,0,0,0,497,51.8,5.9,40.4,46.3,2,1.1,5.1,8.1,1.119094488,1.0712,0.933532487,74.67498176,69.71152144,0.177579257,74.78106943,69.81055772,0.177005899,74.78106943,69.81055772,0.177005899,70.641136,65.94579553,0.132347838
파슨스,NC,21,4.31,24,24,0,1,1,0,4,8,0,0,133,55,56,54.8,577,109,16,2,9,63,11,0,148,7,1,10,3.72,3.79,3.71,3.56,3.51,1.29,10.02,4.26,2.35,0.61,25.6,10.9,14.7,0.289,74.7,2.78,3.63,0.21,81.27,70.55,76.75,0.218,0.317,0.311,0.628,2370,98.8,17.8,4.11,13,54.2,2,8.3,6,0,0,58,3.9,11,12,47.8,0,0,9,2,22.2,5.54,98.75,1.94,4.31,0,0,0,0,0,0,0,0,0,0,0,0,0,14,7,0,0,0,9,2,22.2,0,0,0,346,52.1,3.9,41.1,45.1,2.8,1.2,5.6,8.3,1.119094488,1.0712,0.933532487,74.66340175,69.70071112,0.177526363,74.63635953,69.67546633,0.176350967,74.63635953,69.67546633,0.176350967,79.98084,74.66471489,0.182011651
이재학,NC,21,1.65,17,17,0,2,2,1,6,6,0,0,83,48,50,44.85,370,74,16,1,14,52,6,0,65,2,0,3,5.2,5.42,4.86,4.69,5.84,1.52,7.05,5.64,1.25,1.52,17.6,14.1,3.5,0.257,73.2,4.07,4.98,-0.63,113.65,93.01,127.51,0.239,0.359,0.434,0.793,1502,88.4,18.1,4.06,4,23.5,2,11.8,7,0,0,48,5.2,9,7,56.3,0,0,16,9,56.3,4.88,88.35,0.17,1.65,0,0,0,0,0,0,0,0,0,0,0,0,0,7,8,0,0,0,16,9,56.3,0,0,0,232,38.9,5.3,52.6,57.9,3.2,0.7,9.8,2.7,1.119094488,1.0712,0.933532487,112.2908601,104.8271659,0.349397328,111.8802599,104.4438573,0.344910313,111.8802599,104.4438573,0.344910313,113.462524,105.9209526,0.36005022
송명기,NC,21,1.33,24,24,0,0,0,0,8,9,0,0,123.1,81,83,77.65,574,147,39,2,12,58,9,1,102,3,1,2,5.91,6.06,5.67,5.61,4.52,1.66,7.44,4.23,1.76,0.88,17.8,10.1,7.7,0.344,66.5,3.47,4.48,1.39,129.07,111.24,98.61,0.292,0.373,0.449,0.822,2254,93.9,18.3,3.93,6,25,0,0,7,0,0,54,3.9,11,11,50,0,0,14,10,71.4,5.14,93.92,-0.87,1.33,0,0,0,0,0,0,0,0,0,0,0,0,0,10,11,0,0,0,14,10,71.4,0,0,0,392,36.5,4.9,55.8,60.7,2.7,0.6,4.9,6.8,1.119094488,1.0712,0.933532487,121.8278982,113.7303008,0.392959663,121.7578676,113.6649249,0.389614629,121.7578676,113.6649249,0.389614629,128.48926,119.9488964,0.439954751
요키시,Kiwom,20,6.71,27,27,0,0,0,0,12,7,0,0,159.2,38,53,50.45,640,144,26,3,6,25,6,0,115,15,1,3,2.14,2.99,2.84,3,3.24,1.06,6.48,1.41,4.6,0.34,18,3.9,14.1,0.284,73.1,2.88,3.71,-1.1,46.47,59.48,70.38,0.237,0.274,0.32,0.594,2417,89.5,15.1,3.78,20,74.1,7,25.9,4,0,0,79,4.5,17,10,63,0,0,11,5,45.5,5.91,89.52,3.87,6.71,0,0,0,0,0,0,0,0,0,0,0,0,0,17,5,0,0,0,11,5,45.5,0,0,0,486,55.1,2.2,39.9,42.1,2.8,1.3,2.9,5.6,0.904926534,0.9601,1.041558171,60.86696995,63.3964899,0.146680307,60.85010641,63.37892554,0.145824942,60.85010641,63.37892554,0.145824942,63.96978,66.62824702,0.136235148
브리검,Kiwom,20,3.64,21,21,0,0,0,0,9,5,0,0,107,43,45,41.9,456,98,7,2,6,42,5,1,105,2,0,8,3.62,3.79,3.52,3.69,3.57,1.31,8.83,3.53,2.5,0.51,23,9.2,13.8,0.314,73,2.99,3.74,0.05,78.47,73,77.48,0.246,0.322,0.319,0.641,1843,87.8,17.2,4.04,7,33.3,4,19,9,0,0,66,5.6,14,7,66.7,0,0,12,6,50,5.1,87.76,1.74,3.64,0,0,0,0,0,0,0,0,0,0,0,0,0,13,5,0,0,0,12,6,50,0,0,0,293,51.6,4.3,42.1,46.4,2,1.1,4.3,7.1,0.904926534,0.9601,1.041558171,75.25716984,78.38472018,0.220016532,75.26869492,78.39672422,0.218632174,75.26869492,78.39672422,0.218632174,77.14766,80.35377492,0.21441709
한현희,Kiwom,20,2.9,25,25,0,0,0,0,7,9,0,0,135.2,75,77,71.35,587,141,20,1,10,37,14,2,109,6,2,3,4.98,5.11,4.73,4.86,4.01,1.31,7.23,2.46,2.95,0.66,18.6,6.3,12.3,0.318,64.6,3.23,3.93,0.97,107.95,96.26,86.92,0.266,0.33,0.363,0.693,2245,89.8,16.5,3.82,9,36,5,20,6,0,0,71,4.7,12,13,48,0,0,20,10,50,5.43,89.8,0.49,2.9,0,0,0,0,0,0,0,0,0,0,0,0,0,12,8,0,0,0,20,10,50,0,0,0,412,46.4,2.3,47.5,49.9,3.7,0.9,4.7,7.8,0.904926534,0.9601,1.041558171,100.5451702,104.7236436,0.348890801,100.8938983,105.0868642,0.348027651,100.8938983,105.0868642,0.348027651,107.28942,111.7481732,0.393242635
최원태,Kiwom,20,1.75,21,21,0,0,0,0,7,6,0,0,110,62,68,64.05,478,115,16,1,16,37,7,2,67,4,0,6,5.07,5.56,5.24,5.42,5.42,1.38,5.48,3.03,1.81,1.31,14,7.7,6.3,0.285,66.4,3.78,4.65,-0.34,110.06,107.28,117.49,0.269,0.335,0.423,0.758,1734,82.6,15.8,3.63,9,42.9,4,19,4,0,0,75,6.1,11,10,52.4,0,0,17,8,47.1,5.24,82.57,-0.21,1.75,0,0,0,0,0,0,0,0,0,0,0,0,0,8,9,0,0,0,17,8,47.1,0,0,0,347,53.7,4.4,39.2,43.6,2.7,1.2,10,8.7,0.904926534,0.9601,1.041558171,112.9938105,117.6896266,0.412332331,113.0413139,117.7391041,0.409366506,113.0413139,117.7391041,0.409366506,112.64034,117.3214693,0.424988671
요키시,Kiwom,21,6.13,31,31,0,0,0,0,16,9,0,0,181.1,59,71,69.45,739,171,24,0,12,46,4,2,131,18,0,9,2.93,3.52,3.45,3.48,3.59,1.2,6.5,2.28,2.85,0.6,17.7,6.2,11.5,0.295,73.5,2.86,4.02,-0.66,67.62,73.04,82.81,0.252,0.302,0.341,0.643,2840,91.6,15.7,3.84,17,54.8,8,25.8,6,0,0,121,6,16,12,57.1,0,0,15,3,20,5.85,91.61,2.9,6.13,0,0,0,0,0,0,0,0,0,0,0,0,0,18,11,0,0,0,15,3,20,0,0,0,539,63.1,1.6,31.8,33.5,3.4,1.9,6.4,9.4,0.947902259,0.9823,1.018018935,72.07195864,73.37061859,0.19548293,71.99803373,73.29536163,0.193900447,71.99803373,73.29536163,0.193900447,68.45041,69.68381242,0.153639946
안우진,Kiwom,21,3.02,21,21,0,0,0,0,8,8,0,0,107.2,39,47,46.15,450,88,15,1,13,41,7,1,110,7,1,5,3.26,3.93,3.86,3.98,4,1.2,9.2,3.43,2.68,1.09,24.4,9.1,15.3,0.271,75.4,2.65,3.56,-0.74,75.28,83.36,92.43,0.22,0.304,0.36,0.664,1867,88.9,17.3,4.15,8,38.1,2,9.5,11,0,0,60,5,11,10,52.4,0,0,10,2,20,5.13,88.9,1.11,3.02,0,0,0,0,0,0,0,0,0,0,0,0,0,11,8,0,0,0,10,2,20,0,0,0,277,43.5,7.2,46.6,53.8,2.7,0.8,8.3,9.1,0.947902259,0.9823,1.018018935,77.43407322,78.82935276,0.222192084,77.27697691,78.66942574,0.219954248,77.27697691,78.66942574,0.219954248,76.09896,77.47018312,0.197991871
최원태,Kiwom,21,1.68,28,28,0,0,0,0,9,11,0,0,143.1,73,89,84.75,643,163,21,3,11,53,10,2,93,10,0,3,4.58,5.59,5.32,5.55,4.38,1.51,5.84,3.33,1.75,0.69,14.5,8.2,6.2,0.324,64.9,3.56,4.65,0.21,105.85,116.46,101.08,0.287,0.355,0.393,0.748,2423,86.5,16.9,3.77,11,39.3,3,10.7,8,0,0,94,5.9,13,15,46.4,0,0,16,8,50,5.12,86.54,-0.87,1.68,0,0,0,0,0,0,0,0,0,0,0,0,0,12,12,0,0,0,16,8,50,0,0,0,469,44.8,5.1,46.4,51.5,3.7,0.9,4.4,7.4,0.947902259,0.9823,1.018018935,113.2040397,115.2438559,0.400365369,113.4004697,115.4438254,0.39823885,113.4004697,115.4438254,0.39823885,118.002075,120.1283469,0.440976919
